-2068.19,7463.77,-18.9908,5.21755,530,Abandoned Armory,2
-7583.58,-3408.81,43.2019,2.47556,1,Abyssal Sands,0
3742.43,2083.64,148.765,6.032,530,Access Shaft Zeon,2
-10964,240.019,28.5578,2.99821,0,Addles Stead,0
260.366,-2125.21,119.565,3.18494,0,Aerie Peak,0
-2059.85,8550.89,24.0587,1.944,530,Aeris Landing,2
-2020.72,-2107.58,91.9626,5.49717,1,Agama Gor,0
2799.46,847.549,111.842,0.509892,0,Agamand Mills,0
-7040.08,-3342.15,241.667,0.82338,0,Agmonds End,0
451.572,-3342.23,119.689,0.772541,0,Agol Watha,0
-2681.4,-4787.21,16.0751,4.69276,1,Alcaz Island,0
-1746.58,5780.03,146.44,1.30629,530,Aldor Rise,2
10405.3,883.631,1320.33,0.102033,1,Aldrassil,0
-10656.1,1655,41.8732,2.86155,0,Alexston Farmstead,0
-4817.04,-2656.26,327.12,4.68835,0,Algaz Station,0
-2593.73,3326.38,0.607573,4.93171,530,Allerian Post,2
-2949.27,3958.32,0.285465,1.37205,530,Allerian Stronghold,2
-3053.96,828.896,-10.4689,5.53466,530,Altar Of Shatar,2
-7616.9,-744.571,190.288,5.01897,0,Altar Of Storms,0
370.763,-491.355,175.361,5.37858,0,Alterac Mountains,0
883.187,-489.375,96.7618,3.06932,30,Alterac Valley Alliance,0
-818.155,-623.043,54.0884,2.15276,30,Alterac Valley Horde,0
-215.738,-309.394,6.66761,3.07325,30,Alterac Valley,0
-9194.3,-2748.93,88.8711,1.84838,0,Althers Mill,0
7639.28,-7482.36,158.73,1.63194,530,Amani Catacombs,2
6849.17,-7747.52,122.016,4.56069,530,Amani Pass,2
-129.094,835.621,63.598,4.83351,0,Ambermill,0
-5537.72,-1336.54,398.664,0.237343,0,Amberstill Ranch,0
-1566.43,-10800.1,51.7294,0.885114,530,Amberweb Pass,2
5674.5,128.459,32.3476,6.11808,1,Ameth Aran,0
-4155.37,-13498.5,48.356,5.92816,530,Ammen Fields,2
-4260.24,-13021,1.0163,5.35482,530,Ammen Ford,2
-4021.4,-13582.1,54.7153,2.06953,530,Ammen Vale,2
7939.87,-6484.24,47.8099,3.93927,530,An Daroth,2
6828.47,-7186.99,24.7617,4.91465,530,An Owyn,2
7427.38,-7297.13,93.3437,0.18602,530,An Telas,2
-2145.99,8844.79,19.8449,3.42056,530,Ancestral Grounds,2
7012.04,-6814.81,42.0817,5.87793,530,Andilien Estate,2
-3376.27,-2270.04,53.5307,4.14502,0,Angerfang Encampment,0
1046.25,8503.63,20.2232,2.63767,530,Ango Rosh Grounds,2
1593.28,8607.12,-32.6589,6.1963,530,Ango Rosh Stronghold,2
-6398.46,-3166.67,299.812,0.769213,0,Angor Fortress,0
-6925.52,-2506.75,240.744,0.795898,0,Apocryphans Rest,0
1308.68,1306.03,-9.0107,3.91285,529,Arathi Basin Alliance,0
686.053,683.165,-12.9149,0.816022,529,Arathi Basin Horde,0
1017.16,1040.59,-44.9017,0.325149,529,Arathi Basin,0
-1817,-4205,3,0,0,Arathi Highlands Farm,0
-1508.51,-2732.06,32.4986,3.35708,0,Arathi Highlands,0
-1.23165,0.014346,-0.204293,0.00984,552,Arca,2
3043.33,3681.33,143.065,5.07464,530,Area 52,2
-10456.7,-2139.85,90.7913,6.26152,0,Aridens Camp,0
2779.37,3210.53,149.846,3.37686,530,Arklon Ruins,2
2865.62,3196.4,177.857,0.572978,530,Arklonis Ridge,2
1928.34,-2165.95,93.7896,0.205731,1,Ashenvale,0
2676.19,-422.905,107.123,0.648691,1,Astranaar,0
-3336.2,363.236,120.466,0.150953,530,Ata Mal Terrace,2
6501.4,481.607,6.27062,1.70033,1,Auberdine,0
-3362.04,5209.85,-101.05,1.60924,530,Auchenai Crypts,2
-3637.1,5188.61,-19.1186,3.39151,530,Auchenai Grounds,2
-3324.49,4943.45,-101.239,4.63901,530,Auchindoun,2
-1512.97,-11378.7,67.4006,0.326728,530,Axxarien,2
128.205,135.136,236.11,4.59132,37,Azshara Crater,0
3341.36,-4603.79,92.5027,5.28142,1,Azshara,0
-4190.85,-12516.5,44.5276,1.34225,530,Azure Watch,2
9620.79,-8043.05,0.475485,2.05119,530,Azurebreeze Coast,2
-902.924,244.914,8.80433,5.61973,0,Azurelode Mine,0
-4216.87,-12336.9,4.34247,6.02008,530,Azuremyst Isle,2
-6779.2,-3423.64,241.667,0.647481,0,Badlands,0
-1942.74,413.534,134.205,2.53057,1,Bael Dun Digsite,0
-4091.59,-2329.66,126.129,5.15315,1,Bael Dun Keep,0
-4134.29,-2192.52,50.7921,3.99548,1,Bael Modan,0
-12551.3,-714.58,38.8789,5.67092,0,Balia Mah Ruins,0
-12019.5,363.339,2.1088,5.11095,0,Ballal Ruins,0
1996.05,-374.731,35.4522,5.19636,0,Balnir Farmstead,0
9863.43,1558.24,1329.33,2.35456,1,Ban Ethil Barrow Den,0
9952.24,1538.42,1312.13,3.28133,1,Ban Ethil Hollow,0
-2537.88,-1692.24,4.30329,0.08867,0,Baradin Bay,0
48.9976,-2715.55,91.6677,0.158612,1,Barrens,0
6712.31,-21.5758,42.8535,1.15594,1,Bashal Aran,0
3815.16,6110.93,265.862,1.15472,530,Bashir Landing,2
3825.87,-120.149,-0.200964,5.18504,1,Bathrans Haunt,0
-13210.4,294.518,21.8575,4.92246,0,Battle Ring,0
3665.57,-6014.97,5.71029,5.4152,1,Bay Of Storms,0
3872.82,-4755.78,268.5,3.94022,1,Bears Head,0
-3974.75,-3814.87,37.7727,3.30494,1,Beezils Wreck,0
-10361.1,-1529.87,91.4594,5.96075,0,Beggars Haunt,0
-370.444,897.319,132.97,1.03222,0,Berens Peril,0
-2626.6,-12430.8,2.59312,3.08502,530,Beryl Coast,2
4869.55,-7058.97,105.579,4.8442,1,Bitter Reaches,0
-3528.34,-1339.17,10.2396,3.07711,0,Black Channel Marsh,0
-3649.92,317.469,35.2827,2.94285,530,Black Temple,2
-7270.01,-804.3,295.929,2.43188,0,Blackchar Cave,0
4249.99,740.102,-25.671,1.34062,1,Blackfathom Deeps,0
-2462.03,-3157.79,35.5825,4.91817,1,Blackhoof Village,0
-7179.34,-921.212,165.821,5.09599,0,Blackrock Depths,0
-7494.94,-1123.49,265.547,3.3092,0,Blackrock Mountain,0
-8520.94,-2559.99,133.334,3.27225,0,Blackrock Pass,0
-7527.05,-1226.77,285.732,5.29626,0,Blackrock Spire,0
-7733.43,-1510.24,132.792,1.01584,0,Blackrock Stronghold,0
-2348.01,-11059.3,0.530463,2.53917,530,Blacksilt Shore,2
-3945.67,-1776.91,91.6706,0.595491,1,Blackthorn Ridge,0
-3663.45,3577.09,259.226,3.19599,530,Blackwind Lake,2
-3636.25,3191.57,312.961,4.99533,530,Blackwind Valley,2
3202.45,7117.62,173.86,3.63041,530,Blackwing Coven,2
164.789,-475.305,116.842,0.022714,229,Blackwing Lair,0
1398.08,179.4,12.3398,1.81183,1,Blackwolf River,0
4621.7,33.6288,69.6487,4.35643,1,Blackwood Den,0
2493.53,-4222.79,74.027,1.21046,0,Blackwood Lake,0
1059.17,7087.83,118.027,0.112612,530,Blade Tooth Canyon,2
2899.4,5081.33,264.302,1.15416,530,Bladed Gulch,2
1324.36,-5005.13,0.814836,5.04482,1,Bladefist Bay,0
3037.67,5962.86,130.774,1.27253,530,Blades Edge Mountains,2
933.847,5948.09,121.211,0.641137,530,Blades Run,2
2209.1,6376.61,-10.338,3.27783,530,Bladespire Grounds,2
2639.37,6526.93,0.818903,6.17248,530,Bladespire Hold,2
-1772.53,-11581.4,35.9727,2.16531,530,Bladewood,2
2211.66,5712.69,272.876,0.564311,530,Bladspire Outpost,2
-11182.5,-3016.67,7.42235,4.0004,0,Blasted Lands,0
-3273.56,5988.13,-2.58558,1.14452,530,Bleeding Hollow Ruins,2
7171.91,-6397.79,49.1227,5.62946,530,Bleeding Ziggurat,2
-1944.5,-11873.7,49.3983,6.04835,530,Blood Watch,2
-1933.1,-12871.3,85.896,5.32971,530,Bloodcurse Isle,2
-4324.33,-2671.96,32.864,1.86217,1,Bloodfen Burrow,0
-2240.91,-399.174,-9.42446,2.53353,1,Bloodhoof Village,0
3526.96,5794.43,1.72332,2.48461,530,Bloodmaul Camp,2
1623.51,6344.2,-2.54653,3.86891,530,Bloodmaul Outpost,2
1809.28,6411.22,-10.338,3.25427,530,Bloodmaul Ravine,2
-1993.62,-11475.8,63.9657,5.29437,530,Bloodmyst Isle,2
-13470,675.488,10.4762,4.9884,0,Bloodsail Compound,0
360.89,8136.18,23.3585,1.1674,530,Bloodscale Enclave,2
539.523,6226.4,21.2966,0.731476,530,Bloodscale Grounds,2
1641.62,-1448.83,147.085,2.65133,1,Bloodtooth Camp,0
5282.47,-716.836,346.13,0.216695,1,Bloodvenom Falls,0
5128.91,-343.506,355.035,3.39176,1,Bloodvenom Post,0
5277.69,-512.571,322.307,3.04806,1,Bloodvenom River,0
-2825.56,-3112.78,36.0223,0.327524,1,Bluefen,0
-3012.77,-1066.97,8.82117,0.006195,0,Bluegill Marsh,0
-235.037,-2566.93,118.73,1.11813,0,Bogens Ledge,0
-349.384,7253.7,47.4862,3.07277,530,Boha Mu Ruins,2
-2270.12,2505.58,74.147,3.50113,1,Bolgans Hole,0
-2975.06,3481.44,-0.79203,5.2333,530,Bonechewer Ruins,2
-14297.2,530.993,8.77916,3.98863,0,Booty Bay,0
4488.76,5736.18,80.0769,5.45078,571,Bor'gorok Outpost,3
3256.57,5278.23,40.8046,0.246367,571,Borean Tundra,3
3155.52,-3526.2,130.635,5.5267,1,Bough Shadow,0
-1194.77,-2202.83,53.6903,1.52416,0,Boulder Gor,0
1329.13,-3598.07,91.7029,3.94133,1,Boulder Lode Mine,0
3588.57,7143.33,140.447,1.56718,530,Boulder Mok,2
-1968.97,-2773.94,79.3106,4.10542,0,Boulderfist Hall,0
-1197.66,-2130.17,61.2405,1.26105,0,Boulderfist Ouspost,0
-1210.81,-2082.89,49.878,0.221184,0,Boulderfist Outpost,0
-100.856,251.61,100.892,0.777452,1,Boulderslide Cavern,0
-69.2305,63.8333,48.9635,2.54067,1,Boulderslide Ravine,0
-3130.67,-2908.43,34.0976,1.42798,1,Brackenwall Village,0
-9757.58,-897.584,39.4214,5.20747,0,Brackwell Pumpkin Patch,0
-3029.73,-1058.27,50.5731,4.53254,1,Brambleblade Ravine,0
-2077.71,-2700.8,93.9102,5.72965,1,Bramblescar,0
-5385.04,310.278,394.151,5.19649,0,Brewnall Village,0
2539.96,-53.7843,28.1068,1.0229,0,Brightwater Lake,0
-10443.9,-830.975,49.7064,1.95754,0,Brightwood Grove,0
2259.25,290.43,34.1137,0.987414,0,Brill,0
-2534.78,-12296.2,13.9722,6.17556,530,Bristlelimb Enclave,2
-4505.81,-11623.1,11.3414,3.04968,530,Bristlelimb Village,2
-3867.39,1131.48,154.788,6.16863,1,Broken Commons,0
-467.983,3471.16,38.2596,4.92625,530,Broken Hill,2
-7997.8,-3891.14,11.7253,1.31317,1,Broken Pillar,0
3507.86,4615.89,216.47,0.378958,530,Broken Wilds,2
-8008.65,1107.88,-0.668291,3.56178,1,Bronzebeard Encampment,0
2465.15,-5116.14,76.4285,5.12016,0,Browman Mill,0
-171.297,-4362.51,68.0577,0.011192,1,Burning Blade Coven,0
-2560.08,6248.7,17.9276,1.14689,530,Burning Blade Ruins,2
-8118.54,-1633.83,132.996,0.089067,0,Burning Steppes,0
1248.8,-2604.13,90.961,0.255412,0,Caer Darrow,0
-44.6129,-505.122,-46.1274,1.84172,1,Camp Aparaje,0
-7022.26,-3609.21,241.879,4.08514,0,Camp Boff,0
-7166.43,-2390.08,240.945,5.77925,0,Camp Cagg,0
-4619.13,-1234.54,-53.5973,3.48882,1,Camp EThok,0
-6264.36,-3703.95,244.144,4.65455,0,Camp Kosh,0
-4396.7,224.841,25.4136,4.93684,1,Camp Mojache,0
-2919.35,-264.535,53.6197,0.409027,1,Camp Narache,0
3216.07,3543.61,124.642,5.94353,530,Camp Of Boom,2
-2363.11,-1913.78,95.7829,0.165556,1,Camp Taurajo,0
2649.82,-4362.69,276.885,5.15979,571,Camp Winterhoof,3
-6838.66,-2833.16,241.666,1.16111,0,Camp Wurg,0
1650.58,200.023,-62.1773,1.41639,0,Canals,0
-2866.74,4738.97,-4.36527,0.870223,530,Carrion Hill,2
-8581.98,807.885,106.518,0.688204,0,Cathedral Of Light,0
-8623.51,778.174,96.6514,0.703912,0,Cathedral Square,0
-8204.88,-4495.25,9.0091,4.72574,1,Caverns Of Time,0
4035.83,1435.5,-123.376,5.73225,530,Celestial Ridge,2
-6834,763.39,43.0314,4.97156,1,Cenario Hold,0
10122.8,2540.84,1321.73,0.326671,1,Cenarion Enclave,0
-6818.09,733.814,41.5661,2.3082,1,Cenarion Hold,0
-318.842,4718.99,18.4132,6.21599,530,Cenarion Post,2
-223.541,5487.99,23.2281,0.886755,530,Cenarion Refuge,2
-1816.67,4691.8,10.6813,0.383229,530,Cenarion Thicket,2
2416.41,2171.83,90.9205,5.58696,530,Chapel Yard,2
-5568.39,94.4882,483.947,2.57091,0,Chill Breeze Valley,0
967.964,-1443.99,65.0399,2.05398,0,Chillwind Camp,0
262.381,-1437.45,50.1333,4.13091,0,Chillwind Point,0
2839.44,5930.17,11.1002,3.16284,530,Circle Of Blood Arena,2
-842.406,-3271.57,78.3724,0.432116,0,Circle Of East Binding,0
-1539.11,-2168.63,17.3715,0.578985,0,Circle Of Inner Bindindg,0
-1354.53,-2737.5,58.9458,5.9114,0,Circle Of Outer Biding,0
-867.807,-1777.93,40.2461,5.60058,0,Circle Of West Binding,0
1836.86,-4397.85,3.58252,2.15931,1,Cleft Of Shadow,0
6892.58,-659.319,85.6375,3.11156,1,Cliffspring Falls,0
7344.08,-398.198,0.822346,3.29942,1,Cliffspring River,0
735.066,6883.45,-66.2913,5.89172,530,Coilfang Reservoir,2
-2926.87,1333.17,8.17311,4.24367,530,Coilskar Cistern,2
-3010.81,1715.21,74.0269,6.16004,530,Coilskar Point,2
2109.16,603.695,35.2618,0.727451,0,Cold Hearth Manor,0
-6231.77,332.993,383.171,0.480178,0,Coldridge Valley,0
2012.28,-4470.7,73.6229,5.15472,0,Corins Crossing,0
34.5932,-549.443,144.423,2.68188,0,Corrahns Dagger,0
2988.21,1806.9,139.071,3.8591,530,Cosmowrench,2
9888.38,-7178.39,31.0292,0.854246,530,Court Of The Sun,2
10070,2293.83,1329.44,5.9784,1,Craftmens Terrace,0
1598.52,106.656,22.1495,4.00152,1,Cragpool Lake,0
-4042.22,-13779.5,74.8069,2.37976,530,Crash Site,2
-4606.39,1359.61,139.903,2.40976,530,Crimson Watch,2
1864.38,-3675.68,153.909,4.56648,0,Crown Guard Tower,0
1797.5,689.077,44.7761,1.51755,0,Crusaders Outpost,0
684.935,-583.82,163.055,3.81442,0,Crushridge Hold,0
-11052.9,-1568.93,27.233,4.64509,0,Crypt,0
-9528.41,-359.942,61.0692,5.9536,0,Crystal Lake,0
4004.78,4989.05,267.544,0.940518,530,Crystal Spine,2
-13304.6,-428.921,14.3756,4.78735,0,Crystalvein Mine,0
2687.72,5597.35,-11.2866,4.70098,530,Cursed Hollow,2
-1092.24,-2852.42,42.3323,4.65476,0,Dabyries Farmstead,0
1175.45,8135.31,18.8313,0.846961,530,Daggerfen Village,2
3549.35,5684.65,-10.3382,5.88067,530,Daggermaw Canyon,2
335.479,204.771,42.1124,3.42294,0,Dalaran Crater,0
5804.15,624.771,647.767,1.64,571,Dalaran,3
1845.91,-1563.5,59.1322,5.86316,0,Dalsons Tears ,0
1180.74,-330.016,43.949,0.365731,0,Dandreds Fold,0
-4779.79,-1882.54,90.1741,3.77625,1,Darkcloud Pinnacle,0
-389.634,6364.47,21.7062,5.20512,530,Darkcrest Enclave,2
-589.891,5879.56,21.8492,5.17685,530,Darkcrest Shore,2
-2819.49,-2770.63,35.1771,1.85512,1,Darkmist Cavern,0
-10573,-1182.51,28.0148,0.309022,0,Darkshire,0
5756.25,298.505,20.6049,5.96504,1,Darkshore,0
-1111.52,-4776.58,4.40189,4.11253,1,Darkspear Strand,0
4918.16,-4553.79,857.268,3.62056,1,Darkwhisper Gorge,0
9949.56,2284.21,1341.4,1.59587,1,Darnassus,0
-318.143,-456.173,59.0946,0.914737,0,Darrow Hill,0
1469.48,-3686.9,77.7679,3.44337,0,Darrow Shire,0
1547.05,-2355.31,61.0999,2.91792,0,Darrowmere Lake,0
9994.48,-6487.35,1.20902,2.43127,530,Dawning Lane,2
7828.77,-7846.07,168.986,4.5841,530,Dawnstar Spire,2
831.592,-5068.66,4.14613,4.95999,1,Deadeye Shore,0
-10461.4,-1744.82,88.1416,5.05985,0,Deadmans Crossing,0
-16.4,-383.07,61.78,2.52637,36,Deadmines,0
-10438.8,-1932.75,104.617,4.77402,0,Deadwind Pass,0
-10811.7,-1859.29,114.868,4.26659,0,Deadwind Ravine,0
3560.7,-1123.08,220.487,3.14152,1,Deadwood Village,0
-3472.5,2006.64,96.8434,6.22837,530,Deathforge Tower,2
1843.5,1590,93.2971,3.08757,0,Deathknell,0
1841.39,1591.43,93.4301,2.39092,0,Deathnell,0
6545.51,-6406.76,32.4218,2.39547,530,Deatholme,2
2033.17,5415.61,144.698,0.117995,530,Deaths Door,2
368.992,1100.97,106.238,5.00081,0,Deep Elem Mine,0
23.0998,9.00932,-4.29664,3.18737,369,Deeprun Tram,0
1795.06,-3179.68,92.2109,3.17443,1,Demon Fall Canyon,0
1561.25,-2840.63,182.535,2.51311,1,Demon Fall Ridge,0
-11117.5,1797.77,36.5497,2.64007,0,Demonts Place,0
-1089.35,4197.33,16.769,3.0523,530,Den Of Haal Esh,2
-3754.58,4708.83,-17.8536,0.692921,530,Derelict Caravan,2
-606.395,2211.75,92.9818,0.809746,1,Desolace,0
-6123.1,-2955.85,204.97,2.93259,0,Dig One,0
-3980.8,789.005,161.007,4.71945,1,Dire Maul East,0
-3521.29,1085.2,161.097,4.7281,1,Dire Maul North,0
-3828.01,1250.22,160.226,3.20835,1,Dire Maul West,0
-2838.55,-2875.5,32.5915,0.253382,0,Direforge Hill,0
9848.37,966.953,1306.38,3.77457,1,Dolanaar,0
-8187.12,-1019.58,145.084,3.11439,0,Dracodar,0
1413.82,6539.05,3.65071,3.14981,530,Draenethystmine,2
4103.36,264.478,50.5019,3.09349,571,Dragonblight,3
-5105.71,600.108,85.5544,5.2386,530,Dragonmaw Base Camp,2
-4193.21,380.221,118.023,3.5046,530,Dragonmaw Fortress,2
-3453.27,-3655.72,58.0513,4.29267,0,Dragonmaw Gates,0
2672.5,5852.8,-15.4945,1.64421,530,Dragons End,2
4774.47,-2028.04,229.373,1.54661,571,Drak Tharon Keep,3
-10895,-2933.24,12.8408,6.26628,0,Dreadmaul Hold,0
-11517.4,-2851.64,6.78542,4.15663,0,Dreadmaul Post,0
-7734.77,-2609.01,165.137,4.22183,0,Dreadmaul Rock,0
317.4,-2209.99,213.239,4.9592,1,Dreadmist Den,0
327.143,-2253.88,242.753,3.93818,1,Dreadmist Peak,0
-3141.22,-4220.36,0.570819,5.34856,1,Dreadmurk Shore,0
-2944.13,1891.22,33.9487,0.049356,1,Dream Bough,0
916.611,-4810.57,14.8334,6.28024,1,Drygulch Ravine,0
-1003.14,-3841.03,148.832,5.54348,0,Drywhisker Gorge,0
-4086.41,-2604.38,44.7943,1.58996,0,Dun Algaz,0
-1256.99,-1189.47,38.9804,3.82979,0,Dun Garok,0
5719.41,-4504.33,760.87,4.73111,1,Dun Mandarr,0
-2600.48,-2350.81,82.9572,0.914501,0,Dun Modr,0
-4789,-1691,504,0,0,Dun Morogh Airport,0
-6166,-772,421,0,0,Dun Morogh Crash Site,0
-5451.55,-656.992,392.675,0.66789,0,Dun Morogh,0
-8491.62,-3036.55,9.25275,3.88535,1,Dunemaul Compound,0
-483.455,-1426.23,89.1916,1.93697,0,Durnholde Keep,0
1340.98,-4638.58,53.5445,5.0328,1,Durotar Zeppelin,0
1007.78,-4446.22,11.2022,0.20797,1,Durotar,0
9496.84,-7862.65,16.1435,5.20221,530,Duskwither Grounds,2
9317.38,-7856.4,63.2953,5.35693,530,Duskwither Spire,2
-10898.3,-364.784,39.2681,3.04614,0,Duskwood,0
-6440.73,-1987.77,244.718,0.464476,0,Dustfire Valley,0
-758.534,4401.98,79.563,2.88658,530,Dustquill Ravine,2
-3646.88,-3847.61,4.72729,6.08682,1,Dustwallow Bay,0
-4043.65,-2991.32,36.3984,3.37443,1,Dustwallow Marsh,0
790.409,-4756.59,38.4724,0.283734,1,Dustwind Cave,0
-8448.88,591.945,93.7917,0.293236,0,Dwarven District,0
8748.09,-7067.4,37.1027,4.29194,530,East Sanctum,2
2300.97,-4613.36,73.6231,0.367722,0,Eastern Plaguelands,0
-1011.45,-765.635,5.14928,2.23574,0,Eastern Strand,0
-8794.45,-3396.89,11.7786,3.88771,1,Eastmoon Ruins,0
-9450.82,-1299.92,42.7818,5.20197,0,Eastvale Logging Camp,0
3194.88,-4038.96,107.991,6.27156,0,Eastwall Gate,0
2521.67,-4756.54,99.988,5.5003,0,Eastwall Tower,0
-1041.59,-5346.67,0.218679,4.0102,1,Echo Isles,0
-8689.6,-114.525,88.8215,5.95046,0,Echo Ridge Mine,0
-148.859,387.324,-38.5684,2.99526,70,Echonok Caver,0
-4472.37,1671.36,162.888,3.88687,530,Eclipse Point,2
4949.53,3041.26,98.7052,5.42963,530,Eco Dome Farfield,2
3421.37,2800.02,150.087,0.705719,530,Eco Dome Midrealm,2
4469.96,2840.21,140.442,1.97331,530,Eco Dome Sutheron,2
-1048.56,-274.104,159.03,5.4703,1,Elder Rise,0
-4186.72,1261.28,161.214,4.84131,1,Eldreth Row,0
-748.972,6563.11,171.754,2.21497,530,Elemental Plateau,2
8624.53,-7693.87,158.81,2.13052,530,Elrendar Falls,2
8039.45,-6241.13,16.2526,4.89432,530,Elrendar River,2
-9617.06,-288.949,57.3053,4.72687,0,Elwynn Forest,0
-4998.67,-3837.87,44.2691,3.7377,1,Emberstrifes Den,0
2965,-3040,98,0,169,Emerald Forest,0
3986.71,-1293.58,250.144,5.74591,1,Emerald Sanctuary,0
-443.408,2468.83,105.837,0.930524,1,Ethel Rethor,0
4042.33,2326.74,113.447,3.1331,530,Ethereum Staging Grounds,2
2976.85,5511.01,144.637,3.86042,530,Evergrove,2
6725.69,-4619.44,720.909,4.66802,1,Everlook,0
9079.92,-7193.23,55.6013,5.94597,530,Eversong Woods,2
-6091.69,-3076.67,242.055,1.80555,0,Excavation Center,0
-1384.5,2724.56,-28.568,3.37207,530,Expedition Armory,2
-671.631,1865.18,66.8961,5.49722,530,Expedition Point,2
2487.72,1609.12,1224.64,3.35671,566,Eye Of The Storm Alliance,2
1843.73,1529.77,1224.43,0.297579,566,Eye Of The Storm Horde,2
2167.44,1564.11,1159.35,0.254382,566,Eye Of The Storm,2
-10.8021,-1.15045,-2.42833,6.22821,550,Eye,2
8714.14,-6650.33,72.7517,2.39205,530,Fairbreeze Village,2
-2906.3,-12222.4,17.3124,4.94957,530,Fairbridge Strand,2
-600.782,4100.1,90.5571,0.207697,530,Falcon Watch,2
9514.33,-6822.1,16.4907,1.60979,530,Falconwing Square,2
-2074.65,-2113.64,15.3642,1.55343,0,Faldirs Cove,0
2666.18,-2545.89,173.4,1.26906,1,Falfarren River,0
1486.96,-2181.85,90.2204,0.965078,1,Fallen Sky Lake,0
126.53,4847.85,74.3962,3.65942,530,Fallen Sky Ridge,2
-9985.94,-3594.22,21.6782,5.47218,0,Fallow Sanctuary,0
10158.8,-6001.84,110.154,3.59136,530,Falthrien Academy,2
276.636,-3689.5,27.8892,1.64403,1,Far Watch Post,0
-9870.52,212.959,14.0087,5.95753,0,Fargodeep Mine,0
7544.57,-7667.85,151.258,6.22794,530,Farstrider Enclave,2
-5657.29,-4278.25,407.823,2.08396,0,Farstrider Lodge,0
9041.51,-7456.05,83.385,3.11721,530,Farstrider Retrear,2
9850.54,-7396.79,13.6387,0.894016,530,Farstriders Square,2
-4985.61,1590.89,63.7734,1.179,1,Fear Scar Vale,0
82.3052,-2086.59,112.764,3.16252,0,Featherbeards Hovel,0
-4317.47,3287.35,18.2864,3.12825,1,Feathermoon Stronghold,0
10041.9,1031.59,1329.46,0.24968,1,Fel Rock,0
2038.72,-2981.96,105.815,4.69104,1,Felfire Hill,0
6851.06,-1912.89,550.904,3.00564,1,Felpaw Village,0
1776.93,-1179.19,59.4284,3.30669,0,Felstone Field,0
4102.25,-1006.79,272.717,0.790048,1,Felwood,0
998.173,736.541,59.2738,6.16398,0,Fenris Isle,0
-4841.19,1309.44,81.3937,1.48501,1,Feralas,0
-110.357,7115.07,18.8779,3.49689,530,Feralfen Village,2
9889.14,-6647.39,10.5165,5.79591,530,Feths Way,2
-3125.88,-2224.59,91.9413,3.27842,1,Field Of Giants,0
-7236.79,-1417.51,-231.997,0.628312,1,Fire Plume Ridge,0
2221.45,197.106,131.234,1.51093,1,Fire Scar Shrine,0
-6652.97,-832.567,244.531,1.11634,0,Firewacht Ridge,0
-2345.07,3253.53,-3.37535,4.84822,530,Firewing Point,2
4147.98,5278.79,24.7334,0.150308,571,Fizzcrank Airstrip,3
-7501.51,-2183.08,165.926,6.07144,0,Flame Crest,0
3011.16,-3359.08,147.96,2.42202,1,Forest Song,0
-9700.27,812.057,27.2225,5.46273,0,Forests Edge,0
4742.7,3356.29,200.155,4.89556,530,Forge Base Gehenna,2
4444.94,3415.77,165.925,5.6074,530,Forge Base Oblivion,2
2940.65,4802.15,283.677,1.47618,530,Forge Camp Anger,2
-1840.08,9236.04,71.6117,5.15551,530,Forge Camp Fear,2
-1275.81,8895.8,57.4377,2.96739,530,Forge Camp Hate,2
392.203,2195.63,118.621,5.07233,530,Forge Camp Mageddon,2
353.575,2497.05,158.244,6.02265,530,Forge Camp Rage,2
1540.72,7281.82,364.469,3.39479,530,Forge Camp Terror,2
2910.37,6984.92,365.438,2.81124,530,Forge Camp Wrath,2
2750.63,-4597.28,183.965,1.62173,1,Forlorn Ridge,0
2469.09,-5086.4,282.921,2.07711,571,Fort Wildervar,3
-5661.05,1667.52,87.9256,5.3848,1,Frayfeather Highlands,0
-5431.78,-2449.38,89.2848,2.32854,1,Freewind Post,0
6812.06,-2425.9,552.871,4.37848,1,Frostfire Hot Springs,0
-5542.53,501.507,387.248,2.21198,0,Frostmane Hold,0
8091.41,-3882.58,696.668,2.18722,1,Frostsaber Rock,0
5259.73,-4781.05,690.81,4.5269,1,Frostwhisper Gorge,0
-6376.41,-1810.71,-263.646,4.96999,1,Fungal Rock,0
-1125.17,5712.53,58.7895,2.46015,530,Funggor Cavern,2
-9925.14,1239.35,42.3457,0.815598,0,Furlbrows Pumpkin Farm,0
3875.48,5223.77,270.997,0.390741,530,Furywings Perch,2
-7177.15,-3785.34,8.36981,6.10237,1,Gadgetzan,0
1723.05,-2292.37,58.9754,2.73335,0,Gahrrons Withering,0
450.999,-627.906,167.189,1.86114,0,Gallows Corner,0
-1321.34,7239.12,32.7371,4.04169,530,Garadar,2
2789.48,366.372,24.4196,5.13839,0,Garrens Haunt,0
-10902.7,-3179.32,49.0836,0.042708,0,Garrison Armory,0
-8255.03,1484.42,4.87199,3.44005,1,Gate Of Ahn Qiraj,0
-5040.5,-814.817,495.128,5.49652,0,Gate Of Ironforge,0
-8216.06,1536.36,1.30797,3.0826,1,Gates Of Ahn Qiraj,0
-55.4571,-103.292,132.406,5.47787,0,Gavins Naze,0
-4615.2,-12917.5,9.74236,3.88613,530,Geezles Camp,2
-2182.62,2534.41,71.9615,2.22408,1,Gelkis Village,0
-1224.46,1728.53,90.0592,0.831707,1,Ghost Walker Post,0
7360.86,-6803.3,44.2942,5.83679,530,Ghostlands,2
16226.2,16257,13.2022,1.65007,1,GMIsland,0
9254.93,1636.45,1302.05,2.40247,1,Gnarlpine Hold,0
-332.22,-2.28,-150.86,2.77,90,Gnome,0
-5163.54,925.423,257.181,1.57423,0,Gnomeregan,0
-1518.71,-3067.96,14.751,0.005637,0,Go Shek Farm,0
-5783.67,-1620.21,358.878,4.148,0,Gol Bolar Quarry,0
-7258.24,-584.973,-271.642,0.734342,1,Golakka Hot Springs,0
-10419.6,1907.61,7.48861,2.50341,0,Gold Coast Quarry,0
616.536,-2489.5,94.631,4.21857,1,Gold Road,0
8652.87,-5683.02,1.22002,4.18198,530,Golden Strand,2
8418.56,-6138.39,58.0933,4.69877,530,Goldenbough Pass,2
7895.49,-6188.39,19.5624,2.39911,530,Goldenmist Village,2
-9448.55,68.236,56.3225,2.1115,0,Goldshire,0
-1117.72,3230.8,67.8104,3.69003,530,Gor Gaz Outpost,2
-3862.64,137.7,123.544,6.18747,1,Gordunni Outpost,0
-2458.16,4935.8,33.7396,0.969919,530,Grangolvar Village,2
87.2504,-223.637,9.64243,4.2607,1,Greatwood Vale,0
2185.38,-1580.47,85.9111,0.829216,1,Greenpaw Village,0
-4074.39,-3459.53,281.388,0.859539,0,Grim Batol,0
-7011.77,-1729.52,234.099,4.78807,0,Grimesilt Dig Site,0
-4188.75,629.705,70.4892,4.89549,1,Grimtotem Compound,0
108.029,-322.863,3.36205,4.62591,1,Grimtotem Post,0
3616.06,6635.92,130.007,4.95354,530,Grishnath,2
-5728.8,-3113.4,315.857,0.804162,0,Grizzlepaw Ridge,0
4391.73,-3587.92,238.531,3.57526,571,Grizzly Hills,3
262.459,-3043.31,96.5546,0.64736,1,Groldom Farm,0
-12388.9,172.578,2.83358,1.91753,0,Gromgol Base Camp,0
1924.94,-4205.16,42.0388,1.65038,1,Grommash Hold,0
-12365.7,175.632,2.77714,4.9248,0,Grongolbase Camp,0
-11108.1,-2326.63,118.375,4.28623,0,Groshgok Compound,0
4986.02,92.278,52.7174,5.66255,1,Grove Of The Ancients,0
216.885,-273.27,145.045,0.145041,0,Growless Cave,0
3546.42,5260.42,-24.0578,4.3515,530,Grulls Lair,2
62.7842,35.462,-3.9835,1.41844,565,Gruul,2
3530.06,5104.08,3.50861,5.51117,530,Gruuls Lair,2
6898.72,-4584.94,451.12,2.34455,571,Gundrak,3
-13277.4,127.372,26.1418,1.11878,0,Gurubashi Arena,0
3373.87,4296.43,120.293,0.2091,530,Gyro Plank Bridge,2
-1241.9,4096.71,70.6772,3.55888,530,Haal Eshi Gorge,2
-1563.05,7945.67,-22.5568,1.13572,530,Halaa,2
-1349.94,7925.93,-98.2172,2.31159,530,Halaani Basin,2
3280.67,-4322.2,132.301,3.1839,1,Haldarr Encampment,0
78.5083,-225.044,49.839,4.67589,229,Hall Of Blackhand,0
-4675.79,-1256.32,501.993,1.974,0,Hall Of Explorers,0
221.322,74.4933,25.7195,0.484836,450,Hall Of Legends,0
1966.24,-4794.55,56.7642,6.241,1,Hall Of The Brave,0
17.3566,231.68,-31.392,0.39445,70,Hall Of The Crafters,0
-226.8,49.09,-46.03,1.39,70,Hall Of The Keepers,0
9182.91,-1384.73,1110.21,5.51761,571,Hallsof Lightning,3
8921.93,-970.399,1039.2,1.60797,571,Hallsof Stone,3
-941.007,-3526.66,70.935,3.48668,0,Hammerfall,0
-6427.04,-3381.19,229.711,4.254,0,Hammertoes Digsite,0
7065.06,-7687.02,113.903,5.96904,530,Hatchet Hills,2
2793.09,-1621.4,129.333,1.98722,0,Hearthglen,0
-390.863,3130.64,4.51327,0.218692,530,Hellfire Citadel,2
-211.237,4278.54,86.5678,4.59776,530,Hellfire Peninsula,2
-360.671,3071.9,-15.0977,1.89389,530,Hellfire Ramparts,2
-5661.83,-1993.18,396.111,0.091415,0,Helms Bed Lake,0
-9127.98,-1052.89,70.604,2.11379,0,Heroes Vigil,0
3554.3,-6232.61,44.262,2.12438,1,Hetaeras Clutch,0
1001.29,7586.72,22.1567,1.60094,530,Hewn Bog,2
-807.114,-4111.26,55.5967,4.7919,1,Hidden Path,0
-4610.67,1700.18,114.705,3.05218,1,High Wilderness,0
-4979.56,-969.821,-4.67023,1.93765,1,Highperch,0
-510.344,9.53799,50.345,1.33728,0,Hillsbrad Fields,0
-436.657,-581.254,53.5944,1.25917,0,Hillsbrad Foothills,0
-17.942,-2805.92,122.271,2.75175,0,Hiri Watha,0
-6661.66,988.222,-14.6814,1.34146,1,Hive Ashi,0
-7678.21,611.804,-52.124,2.91382,1,Hive Regal,0
-7152.81,1387.39,2.14026,2.78729,1,Hive Zora,0
-748.211,2681.52,100.35,5.7479,530,Honor Hold,2
-353.057,-1296.11,90.9438,4.37878,1,Honors Stand,0
1902.15,-4883.91,171.363,3.11537,571,Howling Fjord,3
7225.84,-6628.42,55.2716,2.89705,530,Howling Ziggurat,2
-1396.43,-115.322,158.935,2.92089,1,Hunter Rise,0
9706.81,-6712.6,0.548797,4.38141,530,Huntress Of The Sun,2
4491.35,-3201.77,1027.57,0,1,Hyjal Ancient Statue,0
-8177.89,-4181.23,-167.552,0.913338,1,Hyjal Summit,0
4674.88,-3638.37,966.264,0,1,Hyjal,0
6153.06,-5050.74,787.233,5.86444,1,Ice Thistle Hills,0
7253.64,1644.78,433.68,4.83412,571,Icecrown,3
-5195.11,-3.63924,386.111,1.74231,0,Iceflow Lake,0
-3794.35,2556.02,91.0218,1.65971,530,Illidari Point,2
4140.7,5429.55,274.427,2.81212,530,Insidions Perch,2
-12029,-2584,-29,0,309,Instanced Altar Of Storms,0
-588,1087,108,0,33,Instanced Silverpine Forest,0
555.59,2804.49,217.804,6.20094,530,Invasion Point Annihilator,2
-2670.83,2691.26,102.277,4.91601,530,Invasion Point Cataclysm,2
4775.3,3487.7,116.091,5.1893,530,Invasion Point Overlord,2
2758.5,-928.177,204.091,2.86339,1,Iris Lake,0
-5854.97,-1996.35,401.478,3.88489,0,Ironbands Compound,0
-5650.98,-3826.83,321.919,4.87213,0,Ironbands Excavation Site,0
-2887.82,-2224.53,23.6055,0.386887,0,Ironbeards Tomb,0
-4918.88,-940.406,501.564,5.42347,0,Ironforge,0
-5843.28,-3417.03,-50.9329,2.95077,1,Ironstone Camp,0
-6969.88,-2409.95,-216.546,5.0496,1,Ironstone Plateau,0
6463.17,-1577.12,438.992,4.84426,1,Irontree Cavern,0
6223.18,-1151.23,382.803,3.19416,1,Irontree Woods,0
-5403.55,3055.7,1.70606,1.67518,1,Isle Of Dread,0
12947.4,-6893.31,5.68398,3.09154,530,Isle Of Quel Danas,2
8042.94,-7548.78,150.119,0.139542,530,Isle Of Tribulations,2
-7815,-4266,131,0,0,Isolated Burning Steppes,0
-4897,836,390,0,0,Isolated Dun Morogh,0
-8322,-340,145,0,0,Isolated Elwynn Forest,0
2074,2306,131,0,0,Isolated Tirisfal Glades,0
-4037,-1408,157,0,0,Isolated Wetlands Town,0
-10661.8,-2527.18,26.8436,3.30055,0,Ithariuss Cave,0
3822.04,-727.42,324.477,1.00681,1,Jadefire Glen,0
6293.06,-609.351,468.671,2.9224,1,Jadefire Run,0
-3057.92,1837.42,29.4535,0.06035,1,Jademir Lake,0
4785.13,-477.744,331.858,1.88488,1,Jaedenar,0
4983.03,-6041.19,95.5841,1.88091,1,Jagged Reef,0
1793.51,6009.75,137.638,4.55488,530,Jagged Ridge,2
1253.77,-4525.58,20.9508,2.77973,1,Jaggedswine Farm,0
-14601.1,-234.16,24.7223,5.58923,0,Jaguero Isle,0
-14180.5,729.773,21.633,4.17552,0,Janeiros Point,0
-10004.7,1462.85,40.887,6.10526,0,Jangolode Mine,0
-9208.19,-618.418,60.4529,0.385121,0,Jasperlode Mine,0
-233.765,-4121.89,117.635,3.39306,0,Jintha Alor,0
-9971.72,-115.655,26.3099,5.38026,0,Joreds Landing,0
-12135,17.9116,-4.73151,4.10564,0,Kalai Ruins,0
774.043,-2940.65,7.36477,1.41719,571,Kamagua,3
-11069,-1795,54,0,0,Karazhan Crypts,0
-11118.9,-2010.33,47.0819,0.649895,0,Karazhan,0
-6692.48,-2175.31,244.145,0.427571,0,Kargath,0
2440.86,-3506.6,99.3423,4.69889,1,Kargathia Keep,0
3071.85,4791.19,1.13476,5.76654,571,Kaskala,3
-2676.89,-12141.3,17.2281,5.52763,530,Kessels Crossing,2
-5597.31,-483.398,396.981,3.17566,0,Kharanos,0
-2850.34,6405.81,77.0322,3.64548,530,Kilsorrow Fortress,2
2280.68,2273.98,94.6903,4.34107,530,Kirin Var Village,2
-1273.07,1970.71,50.7823,3.981,1,Kodo Graveyard,0
-3030.09,-704.29,44.1878,5.32579,1,Kodo Rock,0
-946.186,-4492.28,28.8956,0.54997,1,Kolgar Crag,0
-990.368,935.934,91.9163,3.14846,1,Kolgar Village,0
-713.262,1455.17,90.526,3.72573,1,Kormeks Hut,0
-11605.1,-645.993,29.5029,5.88457,0,Kurzens Compound,0
9356.42,1191.51,1252.81,6.20615,1,Lake Al Ameth,0
8453.08,-7748.48,144.45,2.73684,530,Lake Elrendar,2
7794.49,-2635.94,460.244,3.286,1,Lake Elune Ara,0
-3161.76,3814.37,58.1972,4.55865,530,Lake Ere Noru,2
-9355.14,-2280.93,71.6411,0.104803,0,Lake Everstill,0
3044.74,526.567,4.85566,3.02598,1,Lake Falathim,0
-2471.75,4657.29,159.739,4.97727,530,Lake Jorune,2
6517.05,-4006.25,658.802,4.53634,1,Lake Kel Theril,0
2680.46,-5363.06,84.0912,2.11964,1,Lake Mennar,0
1716.21,-4585.15,76.217,4.78011,0,Lake Mereldar,0
-11825.1,-421.353,12.0978,2.58982,0,Lake Nazferiti,0
-1708.2,8418.44,-21.4027,3.67976,530,Lake Sunspring,2
-9656.42,-2519.56,56.8919,0.022329,0,Lakeridge Highway,0
-9266.59,-2188.77,64.0892,2.10205,0,Lakeshire,0
-6347.89,-1218.88,-270.355,2.6083,1,Lakkari Tar Pits,0
-10219.4,-3922.28,0.821068,5.62501,1,Lands End Beach,0
-4171.38,145.112,57.0216,5.74763,1,Lariss Pavilion,0
-832.056,7741.02,34.3061,4.44079,530,Laughing Skull Ruins,2
4525.1,-6359.32,126.976,4.83794,1,Legash Encampment,0
-3291.28,2888,131.919,2.25661,530,Legion Hold,2
-6742.69,-4092.03,264.17,6.25284,0,Lethlor Ravine,0
2279.65,-5310.01,87.0759,5.07618,0,Lights Hope Chapel,0
-5202.94,-2855.18,336.822,0.37651,0,Loch Modan,0
-10091.5,1955.59,7.16286,0.077321,0,Longshore,0
1214.77,731.732,32.9321,2.30374,0,Lordamare Lake,0
-62.356,189.834,53.4352,2.43918,0,Lordamere Internment Camp,0
-3920.81,-2842.47,45.0363,4.48854,1,Lost Point,0
-8021.77,-5292.28,1.33809,4.35817,1,Lost Rigger Cove,0
-7512.38,-1043.39,181.55,0.909809,0,Lothos Riftwaker,0
-2055.96,5305.2,-37.9105,4.02848,530,Lower City,2
-3904.46,3147.39,327.077,4.42121,530,Lower Veil Shil Ak,2
-4847.14,434.406,16.2021,2.33115,1,Lower Wilds,0
-960.748,-2043.74,81.2893,5.9535,1,Lushwater Oasis,0
3194.97,163.192,5.48506,3.36212,1,Maestras Post,0
395.308,3715.99,179.279,0.814673,530,Mag Har Grounds,2
-1283.99,8498.33,16.4938,1.76808,530,Mag Hari Procession,2
-8976.21,876.055,106.542,3.3507,0,Mage Quarter,0
512.08,3879.32,191.494,0.027839,530,Maghar Post,2
1736.52,96.2668,-62.2857,5.5036,0,Magic Quarter,0
12884.6,-7317.69,65.5023,4.799,530,Magisters Terrace,2
-3440.16,2547.11,58.5443,0.37951,530,Magma Fields,2
-1733.94,897.726,90.7702,2.15654,1,Magram Village,0
190.035,3.38458,67.9651,3.15819,544,Magtheridon,2
-312.7,3087.26,-116.52,5.19026,530,Magtheridons Lair,2
-198.834,-336.707,11.0481,5.48042,1,Malaka Jin,0
1404.44,1071.55,52.4562,1.01804,0,Maldens Orchard,0
-3104.18,4945.52,-101.507,6.22344,530,Mana Tombs,2
3902.61,4036.58,188.558,0.149414,530,Manaforge Ara,2
3007.58,4216.86,160.794,2.8844,530,Manaforge Bnaar,2
2463.21,2862.53,132.065,3.9824,530,Manaforge Coruu,2
3079.11,2211.89,160.351,3.59991,530,Manaforge Duro,2
3850.68,2061.16,254.219,5.65108,530,Manaforge Ultris,2
-2041.95,1915.12,70.474,0.545691,1,Mannoroc Coven,0
-10342.5,-1250.62,35.3013,3.56761,0,Manor Mistmantle,0
-228.302,236.591,-50.6459,1.64438,70,Map Chamber,0
-1464.14,2615.21,76.7172,3.21357,1,Maraudon Orange,0
-1188.37,2879.61,85.7888,5.07366,1,Maraudon Purple,0
-1419.13,2908.14,137.464,1.57366,1,Maraudon,0
2927.64,-1420.34,150.782,1.13192,0,Mardenholde Keep,0
-6152.25,-1087.6,-201.435,0.707637,1,Marshals Refuge,0
583.302,8485.48,21.6066,4.03254,530,Marshlight Lake,2
3452.17,-4992.52,196.839,5.44846,0,Mazra Alor,0
6163.22,-4432.47,660.866,1.60523,1,Mazthoril,0
-3236.59,-12713.5,27.0563,3.45338,530,Menagerie Wreckage,2
-3977.14,-898.953,8.83729,0.524569,0,Menethil Bay,0
-3769.32,-744.26,8.01027,1.95752,0,Menethil Harbor,0
-2390.97,-11785.5,16.2604,2.27998,530,Middenvale,2
3371.2,2883.39,143.893,1.73852,530,Midrealm Post,2
-6967.2,-2857.38,241.814,2.5709,0,Mirage Flats,0
-6221.35,-3927.64,-58.7495,0.757735,1,Mirage Raceway,0
1587.03,874.207,183.222,3.18787,1,Mirkfallon Lake,0
-9497.38,476.237,51.0552,6.1853,0,Mirror Lake Orchard,0
-9360.13,441.323,49.1944,2.7374,0,Mirror Lake,0
6960.9,278.856,2.62734,3.54128,1,Mists Edge,0
-13968.3,121.306,14.8902,5.42744,0,Mistvale Valley,0
-5355.18,-1046.42,394.441,0.123457,0,Misty Pine Refuge,0
-10855.8,-4114.24,22.2215,1.37632,0,Misty Reed Post,0
-9813.85,-4115.01,4.58721,5.54286,0,Misty Reed Strand,0
590.273,132.249,42.0482,0.487462,0,Misty Shore,0
-10170.6,-2528.78,27.3798,1.09358,0,Misty Valley,0
-12424.8,-148.732,15.055,3.21029,0,Mizjah Ruins,0
-4915.65,-3958.31,298.303,0.553624,0,Mogrosh Stronghold,0
2210.93,4763.72,157.42,4.60576,530,Mok Nathal Village,2
1126.64,-459.94,-102.535,3.46095,230,Molten Core,0
-10986.7,1542.75,44.7858,2.62438,0,Moonbrook,0
7486.41,-2124.22,490.738,3.11294,1,Moonglade Horde Flypoint,0
7654.3,-2232.87,462.107,5.96786,1,Moonglade,0
-3623.63,-12755.4,5.5687,0.798743,530,Moongraze Woods,2
-5074.81,-11092.5,26.8435,1.10189,530,Moonwing Den,2
-8372.77,-2754.46,186.622,3.43486,0,Morgans Vigil,0
3790.49,-1681.81,251.595,3.87194,1,Morlos Aran,0
1035.62,-2106,122.946,1.60767,1,Morshan Base Camp,0
-12345.2,-966.453,12.2932,4.29021,0,Moshogg Ogre Mound,0
-3750.76,-2902.37,12.3196,4.19214,0,Mosshide Fen,0
-4573.79,-3173.15,34.0877,3.1231,1,Mudsprocket,0
9755.35,-7304.14,24.4126,0.426204,530,Muerder Row,2
-2192.62,-736.317,-13.3274,0.487569,1,Mulgore,0
9755.35,-7304.14,24.4126,0.426204,530,Murder Eow,2
1902.31,-1363.98,99.987,0.929737,1,Mystral Lake,0
-2593.97,-11700.4,11.4544,1.18828,530,Mystwood,2
-1145.95,8182.35,3.60249,6.13478,530,Nagrand,2
-4141.59,-4054.2,2.2126,5.28022,1,Nats Landing,0
3667.99,-1268.26,243.505,2.30427,571,Naxxramas,3
-2474.89,-11380.1,37.3419,1.59514,530,Nazzivian,2
-13835.5,420.427,90.6791,5.33319,0,Nek Mani Wellspring,0
-1446.49,6346.65,37.5461,2.77876,530,Nesingwary Safari,2
-11609.3,-52.9532,10.9376,3.48911,0,Nesingwarys Expedition,0
-4452,-13871.9,101.029,3.69763,530,Nestlewood Hills,2
-4395.01,-13772.3,52.3834,5.03674,530,Nestlewood Thicket,2
-907.58,-979.134,30.3489,2.36926,0,Nethander Stead,0
-10999.8,-3380.08,62.2525,4.63501,0,Nethergarde Keep,0
4836.34,2892.29,144.631,3.419,530,Netherstone,2
3830.23,3426.5,88.6145,5.16677,530,Netherstorm,2
-3814.67,4264.16,5.66786,3.73006,530,Netherweb Ridge,2
-4122.58,800.66,6.54928,1.1217,530,Netherwing Fields,2
-5098.7,505.358,84.97,3.41328,530,Netherwing Ledge,2
-5145.07,711.023,43.4061,5.2221,530,Netherwing Mines,2
-4331.55,819.57,15.3479,5.87712,530,Netherwing Pass,2
424.405,-4548.76,245.652,5.37325,571,New Agamand,3
-6374,1260,8,0,0,Newman's Landing,0
2529.43,-2143.92,197.679,3.09116,1,Night Run,0
2048.96,1813.93,105.345,1.84271,0,Night Webs Hollow,0
7966.85,-2491.04,487.734,3.20562,1,Nighthaven,0
2076.72,1158.54,39.13,3.26114,0,Nightmare Vale,0
3396.9,-1526.19,165.357,3.32216,1,Nightsong Woods,0
176.426,1309.76,190.18,0.556817,1,Nijels Point,0
-7017.57,-4339.67,11.159,6.02322,1,Noonshade Ruins,0
-5191.62,-2297.24,400.342,3.9438,0,North Gate Outpost,0
-4802.07,-2532.42,353.848,1.92022,0,North Gate Pass,0
-2861.79,-3423.24,39.0049,3.29711,1,North Point Tower,0
9287.65,-6701.97,22.026,1.3137,530,North Sanctum,2
851.635,1581.33,32.3011,0.628498,0,North Tides Hollow,0
878.157,1883.93,1.85641,2.38779,0,North Tides Run,0
3029.82,-4901.18,100.63,4.63322,0,Northdale,0
3852,-3565,45,0,0,Northern Plaguelands,0
-815.306,-2033.47,34.2293,3.32686,0,Northfold Manor,0
3162.59,-4323.12,132.34,4.87705,0,Northpass Tower,0
2365.94,-1511,101.787,0.282905,0,Northridge Lumber Camp,0
-8921.09,-119.135,82.195,5.82878,0,Northshire Valley,0
-9076.49,-344.655,73.4527,0.882288,0,Northshire Vineyards,0
-1998.12,-3680.54,21.1346,2.45298,1,Northwatch Hold,0
-1155.9,8035.88,-86.9813,3.21951,530,Northwind Cleft,2
2444.66,6990.76,367.981,2.20806,530,Obsidias Perch,2
-4677.05,-12439.1,16.2655,2.09541,530,Odesyu Landing,2
2297.68,7293.12,365.617,1.28888,530,Ogrila,2
-8404.3,-4070.62,-208.586,0.237038,1,Old Hillsbrad Foothills,0
-4821,-975,464,0,0,Old Ironforge,0
77,-1,20,0,44,Old Scarlet Monastary,0
-8722.38,412.837,98.9042,5.44545,0,Old Town,0
141.756,1465.7,114.441,1.55058,0,Olsens Farthing,0
-3220.5,1892.94,49.3026,0.094122,1,Oneiros,0
-4708.27,-3727.64,54.5589,3.72786,1,Onyxias Lair,0
-7663.74,-1217.4,287.789,5.33945,0,Orb Of Command,0
958.66,7374.02,27.9079,6.12064,530,Orebor Harborage,2
1629.36,-4373.39,31.2564,3.54839,1,Orgrimmar,0
-2790.42,1265.35,74.8801,3.51465,530,Oronoks Farm,2
-7583.14,223.826,12.1392,5.11522,1,Ortells Hideout,0
-2417.03,8314.75,-37.5225,3.13613,530,Oshugun,2
5503.37,-4948.18,850.096,3.91821,1,Owl Wing Thicket,0
-2400.94,295.281,65.7074,1.27785,1,Palemane Rock,0
2308.92,-5075.61,69.9643,3.30119,0,Pestilent Scar ,0
350.535,-2519.39,194.666,0.207063,0,Plaguemist Ravine,0
3032.21,-3058.25,118.245,2.69521,0,Plaguewood Tower ,0
3065.36,-3704,120.931,1.21752,0,Plaguewood,0
-4468.03,-11990.3,31.3148,0.665984,530,Pod Cluster,2
-4430.11,-12641.6,18.6332,3.64265,530,Pod Wreckage,2
-10615.7,-3842.2,19.601,0.237497,0,Pool Of Tears,0
282.878,3479.82,63.4083,0.305086,530,Pools Of Aggonar,2
9543.02,1665.64,1298.2,5.67365,1,Pools Of Arlithrien,0
571.187,8674.03,21.2322,4.86742,530,Portal Clearing,2
4270.15,2154.62,136.167,1.80184,530,Protectorate Watch Post,2
-1242.7,462.432,6.25075,1.75667,0,Purgation Isle,0
-388.146,1543.67,18.1592,3.10171,0,Pyrewood Village,0
-186.082,8076.92,19.0829,5.03314,530,Quagg Ridge,2
226.318,-2777.59,123.356,0.59469,0,Quel Danil Lodge,0
3385.31,-4220.6,155.092,3.57879,0,Quel Lithien Lodge,0
-3839.07,1760.37,142.462,4.58606,1,Rage Scar Hold,0
-1428.84,-11951.2,16.4308,6.12844,530,Ragefeather Ridge,2
1811.78,-4410.5,-18.4704,5.20165,1,Ragefire Chasm,0
170.849,2914.41,19.6981,0.530757,1,Ranazjar Isle,0
-2023.09,-3220.48,90.5983,1.07774,1,Raptor Grounds,0
-3134.17,-3238.84,63.364,5.4904,0,Raptor Ridge,0
-956.664,-3754.71,5.33239,0.996637,1,Ratchet,0
-1920.81,-732.852,2.29586,1.70032,1,Ravaged Caravan,0
-6160.61,1746.37,24.2906,0.89614,1,Ravaged Twilight Camp,0
-10526.7,295.889,31.0954,6.27724,0,Raven Hill Cemetery,0
-10742.2,330.574,38.2503,0.551712,0,Raven Hill,0
2580.25,-6830.65,117.466,5.1403,1,Ravencrest Monument,0
-9.50862,-1569.46,194.606,5.78733,0,Ravenholdt Manor,0
3565.61,6890.04,141.477,4.50586,530,Ravens Wood,2
2667.31,-1855.58,188.309,5.72617,1,Raynewood Retreat,0
2830.32,5252.84,264.143,5.26235,530,Razaans Landing,2
326.81,-4706.65,15.3665,4.16414,1,Razor Hill,0
2432.62,5201.37,264.661,3.00927,530,Razor Ridge,2
-4657.3,-2519.35,81.0529,4.54808,1,Razorfen Downs,0
-4470.28,-1677.77,81.3925,1.16302,1,Razorfen Kraul,0
406.553,-4227.69,25.8136,6.14752,1,Razormane Grounds,0
-1248.26,3837.32,264.797,3.21797,530,Razorthorn Rise,2
-1708.1,4028.77,60.0601,2.08778,530,Razorthorn Shelf,2
-1550.52,3547.46,32.4329,2.05248,530,Razorthorn Trail,2
950.321,-4596.04,19.5531,3.94604,1,Razorwind Canyon,0
-32.7738,2123.59,110.62,0.264264,530,Reavers Fall,2
-11322.4,-202.492,75.6362,0.432339,0,Rebel Camp,0
-3162.62,-490.493,30.0476,1.64305,1,Red Cloud Mesa,0
-975.866,-1089.96,44.4156,5.60771,1,Red Rocks,0
-8955.78,-2303.5,132.459,0.783378,0,Redridge Canyons,0
-9551.81,-2204.73,93.473,5.47141,0,Redridge Mountains,0
-1246.61,-2529.32,20.6098,0.741709,0,Refuge Pointe,0
-2807.36,5077.65,-12.2418,3.23972,530,Refugee Caravan,2
4633.51,627.215,7.05298,5.68533,1,Remtravels Excavation,0
-9654.98,-3097.37,49.9266,5.39445,0,Renders Valley,0
-8977.54,-2013.25,136.611,1.06612,0,Rethban Caverns,0
-557.226,-4581.27,9.5884,1.01724,0,Revantusk Village,0
-9759.42,-1370.87,57.8966,4.14011,0,Ridgepoint Tower,0
-3314.47,4942.72,-101.176,3.47559,530,Ring Of Observance,2
-11240.9,-2842.69,157.925,1.47842,0,Rise Of The Defiler,0
2081.75,7384.85,372.481,4.04039,530,Rivendarks Perch,2
-5485.38,-1628.67,27.7119,2.85653,1,Roguefeather Den,0
1458.68,106.137,-61.3152,3.93673,0,Rogues Quarter,0
1303.13,361.856,-67.2945,4.43312,0,Royal Quarter,0
-13688.9,-309.139,6.95504,6.11545,0,Ruins Of Aboraz,0
629.684,-348.068,151.105,2.85588,0,Ruins Of Alterac,0
1400.61,-1493.87,54.7844,4.08661,0,Ruins Of Andorhal,0
-3258.09,1165.62,60.1821,3.18338,530,Ruins Of Baa Ri,2
4567.97,-492.526,300.884,5.2189,1,Ruins Of Constellas,0
4004.29,-5411.78,114.943,4.03446,1,Ruins Of Eldarath,0
3443.76,3680.31,149.409,3.34755,530,Ruins Of Enkaat,2
4639.58,2593.03,210.931,2.71213,530,Ruins Of Farahlon,2
-5628.76,1443.64,54.1252,5.72722,1,Ruins Of Isildien,0
-13353.7,0.40638,21.6159,3.28725,0,Ruins Of Jubuwal,0
-3732.7,456.872,104.143,4.0858,530,Ruins Of Karabor,2
1923.69,234.217,49.0664,3.16311,0,Ruins Of Lordaeron,0
-1832.47,-12078.2,31.9203,5.82134,530,Ruins Of Loreth Aran,2
7344.01,-914.641,32.6207,2.18634,1,Ruins Of Mathystra,0
-2877.75,2346,39.7117,0.306187,1,Ruins Of Ravenwind,0
-588.564,4803.37,35.1991,2.89915,530,Ruins Of Sha Naar,2
9738.47,-6678.72,0.626843,1.08358,530,Ruins Of Silvermoon,2
-4934.06,3590.1,10.8445,0.100452,1,Ruins Of Solarsal,0
-7842.54,-2159.07,133.439,6.05649,0,Ruins Of Thaurissan,0
-11651.4,647.492,50.5754,1.50754,0,Ruins Of Zul Kunda,0
-12952.2,-800.204,63.3924,2.07461,0,Ruins Of Zul Mamwe,0
8222.45,-6684.93,86.2016,1.2383,530,Runestone Falithas,2
8270.72,-7208.74,141.199,5.58077,530,Runestone Shandor,2
8704.53,944.683,13.5177,2.99385,1,Rut Theran Village,0
2964.84,5663.43,146.879,5.89082,530,Ruuan Weald,2
-10165.8,1099.65,36.7546,5.35127,0,Saldeans Farm,0
8664.16,-6357.99,55.1721,2.0504,530,Saltherils Haven,2
-2723.47,-1626.34,12.0927,4.1374,0,Saltspray Glen,0
7534.77,-6413.43,13.0591,2.45016,530,Sanctum Of The Moon,2
-4115.51,1120.54,44.5242,2.6318,530,Sanctum Of The Stars,2
7169.99,-7082.62,56.1741,5.68364,530,Sanctum Of The Sun,2
-7244.39,-2950.49,8.88702,5.65329,1,Sandsorrow Watch,0
-1886.8,2888.14,49.9161,1.48894,1,Sar Theris Strand,0
-4677.53,3178.37,4.88728,4.77121,1,Sardor Isle,0
-52.4961,1009.64,93.8872,4.40432,1,Sargeron,0
2745.04,-2957.47,141.707,3.80433,1,Satyrnaar,0
3704.1,-6063.61,1.4207,4.81044,1,Scalebeards Cave,0
1994.43,5139.17,265.058,3.07523,530,Scalewing Shelf,2
1654.25,-4791.25,83.2546,4.22248,0,Scarlet Base Camp,0
2872.6,-764.398,160.332,5.05735,0,Scarlet Monastery,0
2837.12,-511.285,105.317,5.81304,0,Scarlet Watch Post,0
1269.64,-2556.21,93.6088,0.620623,0,Scholomance,0
-0.310414,0.107129,-100.538,2.94612,13,Scott Test,0
-1414.71,1469.51,59.498,1.05066,1,Scrabblescrews Camp,0
-2185.93,5538.97,64.0729,2.82446,530,Scryers Tier,2
175.996,-5142.55,0.778698,4.49423,1,Scuttle Coast,0
-7012.47,-1065.13,241.786,5.63162,0,Searing Gorge,0
-3955.23,-11727.3,-138.878,0.981744,530,Seat Of The Naaru,2
-813.097,-4880.08,18.995,4.42647,1,Senjin Village,0
-10624.5,1096.66,33.7641,1.31041,0,Sentinel Hill,0
-10511.6,1053.2,59.0454,5.07245,0,Sentinel Tower,0
-3461.11,-4125.85,17.099,2.25408,1,Sentry Point,0
799.721,-3995.68,122.007,3.77399,0,Seradane,0
-11311.5,-3407.92,7.4681,5.30724,0,Serpents Coil,0
820.025,6864.93,-66.7556,6.28127,530,Serpentshrine Cavern,2
-3362.2,4664.12,-101.049,4.6605,530,Sethekk Halls,2
-4.6811,-0.09308,0.0062,0.035342,556,Sethekk,2
1609.4,728.543,68.0957,4.05141,0,Sewers,0
-385.521,4797.07,19.9065,3.15127,530,Sha Naari Wastes,2
-3747.08,5393.6,-3.99659,1.34873,530,Sha Tari Base Camp,2
-234.675,1561.63,76.8921,1.24031,0,Shadow Fang Keep,0
1664.29,1679.34,120.53,3.2093,0,Shadow Grave,0
4895.81,-392.013,351.471,5.9611,1,Shadow Hold,0
-3627.9,4941.98,-101.049,3.16039,530,Shadow Labyrinth,2
-2896.28,5394.74,-8.88803,1.60241,530,Shadow Tomb,2
-1866.38,655.098,107.241,3.87731,1,Shadowbreak Ravine,0
10334,833.902,1326.11,3.62142,1,Shadowglen,0
-2998.66,2568.9,76.6306,0.551303,530,Shadowmoon Village,2
-1664.79,3091.67,30.5552,6.07818,1,Shadowprey Village,0
2890.66,-4019.71,138.135,3.34097,1,Shadowsong Shrine,0
10746.2,926.841,1336.47,6.24541,1,Shadowthread Cave,0
-324.286,-2900.4,77.795,2.67714,0,Shadra Alor,0
-3707.79,-2530.37,68.2635,3.31945,1,Shady Rest Inn,0
7702.12,-5708.67,3.11034,3.51184,530,Shalandis Isle,2
-5486.8,3630.93,2.10077,3.84603,1,Shalzarus Lair,0
98.8545,-4379.69,121.322,0.049959,0,Shaol Watha,0
2693.44,7110.67,365.1,0.37965,530,Shartuuls Transporter,2
286.357,1469.6,-11.4535,2.41453,530,Shatter Point,2
5654.65,-883.661,377.91,2.25167,1,Shatter Scar Vale,0
-2607.52,1401.71,79.9574,5.04617,530,Shattered Plains,2
12947.4,-6893.31,5.68398,3.09154,530,Shattered Sun Staging,2
7367.77,-1560.74,163.446,2.55011,1,Shatterspear Village,0
-1838.16,5301.79,-12.428,5.9517,530,Shattrath,2
-5316.24,-215.783,440.907,3.74507,0,Shimmer Ridge,0
227.928,-2604.95,159.771,3.53715,0,Shindiggers Camp,0
-14140.4,458.677,3.71587,0.997797,0,Shouthern Savage Coast,0
10400.1,-5956.19,40.7994,0.977561,530,Shrine Of Dathremar,2
7841.73,-2209.34,471.118,5.23693,1,Shrine Of Remulos,0
4844.91,-602.987,308.754,2.21868,1,Shrine Of The Deceiver,0
-240.214,-4013.38,187.304,2.54097,1,Shrine Of The Dormant Flame,0
-7426.87,1005.31,1.13359,2.96086,1,Silithus,0
-3126.44,-11957.6,4.28641,1.8119,530,Silting Shore,2
-4813.81,-2970.08,320.757,3.14151,0,Silver Stream Mine,0
9487.69,-7279.2,14.2866,6.16478,530,Silvermoon City,2
-5094.34,-11129.6,25.058,2.78659,530,Silvermyst Isle,2
878.74,1359.33,50.355,5.89929,0,Silverpine Forest,0
2137.3,-1189.05,98.308,3.23488,1,Silverwind Refuge,0
1486.44,-1866,113.941,2.75186,1,Silverwing Grove,0
1810.07,-2001.61,103.117,3.68491,1,Silverwing Outpost,0
1617.43,5337.21,265.469,1.44789,530,Singing Ridge,2
428.398,467.608,97.4092,1.555,1,Sishir Canyon,0
3604.04,4963.59,267.724,0.788938,530,Skald,2
-4089.38,1787.12,100.382,5.96761,530,Sketh Lon Base Camp,2
-3055.5,2210.29,66.5523,5.54036,530,Sketh Lon Wreckage,2
-3674.85,3912.42,298.476,5.27651,530,Skethyl Mountains,2
-3770.72,3684.42,277.236,4.34424,530,Skettis,2
369.856,-3802.84,170.093,3.58942,0,Skulk Rock,0
9519.69,-6531.37,21.9874,3.06352,530,Skulking Row,2
1446.31,-4879.79,11.3317,0.477731,1,Skull Rock,0
2509.9,7322.28,374.229,1.60016,530,Skyguard Outpost,2
-3345.84,2112.94,102.374,4.71491,530,Slag Watch,2
846.782,-566.79,142.518,0.268342,0,Slaughter Hollow,0
-10639.3,-2092.15,101.664,2.48375,0,Sleeping Gorge,0
-7660.35,-3011.37,132.992,5.02368,0,Slither Rock,0
4810.01,3843.66,223.376,6.06345,530,Socrethars Seat,2
2312.13,1405.46,33.3337,1.15155,0,Solliden Farmstead,0
1257.8,-1705.34,60.6843,3.72296,0,Sorrow Hill,0
-4357.47,4612.63,-39.8305,1.7972,530,Sorrow Wing Point,2
-10498.9,-4189.17,23.3262,4.97345,0,Sorrowmurk,0
3549.42,5593.04,-3.47566,3.88262,530,Soulgrinders Barrow,2
-5438.02,-2441.87,400.492,2.49866,0,South Gate Outpost,0
-5645.3,-2540,373.388,0.840292,0,South Gate Pass,0
-8665.15,-4725.35,0.656339,4.02044,1,Southbreak Shore,0
-2333.57,-2295.55,92.6909,4.76754,1,Southern Barrens,0
-1696.57,-2553.96,91.2953,3.2423,1,Southern Gold Road,0
-823.97,3345,97.486,5.93392,530,Southern Rampart,2
-13668.6,471.263,37.4754,1.95598,0,Southern Savage Coast,0
2815.68,-3790.07,88.207,2.8713,1,Southfury River,0
-9317.12,-3016.24,9.98814,0.142927,1,Southmoon Ruins,0
-694.861,406.638,74.9142,6.13966,0,Southpoint Tower,0
3166.38,-5784.64,6.85091,5.34844,1,Southridge Beach,0
-853.221,-533.529,9.98556,0.242866,0,Southshore,0
-2033.15,7551.71,-92.349,4.13842,530,Southwind Cleft,2
-7108.06,320.415,18.0411,2.87455,1,Southwind Village,0
-1326.36,2371.99,88.9503,6.19165,530,Spinebreaker Post,2
-13772.4,-3.7118,41.9401,5.65521,0,Spirit Den,0
-2423.72,8040.33,-43.698,1.98013,530,Spirit Fields,2
-1013.67,224.643,134.661,1.12784,1,Spirit Rise,0
-866.113,-4284.06,76.167,3.62166,1,Spirit Rock,0
-10385.2,-2600.12,21.7007,4.60431,0,Splinterspear Junction,0
2270.94,-2538.19,93.9198,0.060429,1,Splintertree Post,0
-4998.14,-2219.52,-53.2078,2.3798,1,Splithoof Crag,0
-5037.83,-2381.29,-54.2846,5.10748,1,Splithoof Hold,0
209.095,8547.4,23.1083,5.33054,530,Sporeggar,2
-10786.7,-3743.04,24.4991,3.0021,0,Stagalbog Cave,0
-6446.24,211.361,4.05948,4.18068,1,Staghelm Point,0
9838.87,385.538,1307.78,0.769623,1,Starbreeze Village,0
7165.69,-4054.54,724.251,1.31543,1,Starfall Village,0
-6908.08,-4801.39,8.15214,5.07916,1,Steamwheedle Port,0
-5476.73,-666.917,392.674,3.48888,0,Steelgrills Depot,0
-10798.9,1381.56,31.0576,0.622382,0,Stendels Pond,0
-3378.24,-12347.1,22.5696,0.068326,530,Stillpine Hold,2
2296.74,825.657,33.764,4.40704,0,Stillwater Pond,0
9266.84,-7240.15,16.4273,2.81695,530,Stillwhisper Pond,2
-10446.9,-3261.91,20.1795,5.02142,0,Stonard,0
-8982.69,-1206.38,72.206,3.0602,0,Stone Cairn Lake,0
-2640.08,4404.38,35.1,4.14529,530,Stonebreaker Hold,2
-1951.33,-537.594,-13.1229,3.48631,1,Stonebull Lake,0
-4339.1,-3318.75,34.2536,2.30041,1,Stonemaul Ruins,0
-5882.25,-2921.18,366.988,2.04588,0,Stonesplinter Valley,0
1570.92,1031.52,137.959,3.33006,1,Stonetalon Mountains,0
2678.38,1497.46,233.869,6.26038,1,Stonetalon Peak,0
346.86,3069.39,23.6589,3.0193,530,Stonewall Canyon,2
-9569.7,-3272.71,48.6139,0.622368,0,Stonewatch Falls,0
-9386.59,-3039.03,139.437,4.8054,0,Stonewatch Keep,0
-9298.19,-2972.84,124.909,1.3418,0,Stonewatch Tower,0
-9323.5,-3030.84,132.559,2.94713,0,Stonewatch,0
-4750.07,-3328.02,310.257,4.61609,0,Stonewrought Dam,0
7527.14,-1260.89,919.049,2.0696,571,Storm Peaks,3
7612.5,-2906.39,463.678,3.8829,1,Stormrage Barrow Dens,0
-8419.34,1212.14,5.17277,1.55232,0,Stormwind Harbor,0
-8451.97,346.932,120.886,5.36692,0,Stormwind Keep,0
-8833.38,628.628,94.0066,1.06535,0,Stormwind,0
659.762,-959.316,164.404,0.433716,0,Strahnbrad,0
-12644.3,-377.411,10.1021,6.09978,0,Stranglethorn Vale,0
3352.92,-3379.03,144.782,6.25978,0,Stratholme,0
-1551.2,-1808.1,67.5219,3.119,0,Stromgarde Keep,0
966.147,926.499,104.649,1.27231,1,Sun Rock Retreat,0
7960.27,-7257.01,136.908,0.234555,530,Suncrown Village,2
7154.17,-7070.49,54.9794,5.56207,530,Sunctum Of The Sun,2
-2873.95,-1496.04,9.47361,1.04607,0,Sundown Marsh,0
2498.92,2368.74,134.379,4.71414,530,Sunfury Hold,2
9982.85,-7062.83,45.3625,0.873881,530,Sunfury Spire,2
7631.29,-7338.48,272.726,3.43678,530,Sungraze Peak,2
8715.52,-6101.45,20.1472,0.173306,530,Sunsail Anchorage,2
177,-6410,10363,0,530,Sunspire Top,2
-1520.44,8552.38,7.26028,1.69728,530,Sunspring Post,2
10331.1,-6235.42,26.7759,1.94594,530,Sunstrider Isle,2
12574.1,-6774.81,15.0904,3.13788,530,Sunwell Plateau,2
-10345.4,-2773.42,21.99,5.08426,0,Swamp Of Sorrows,0
-2959.77,-3881.9,32.9334,5.43104,1,Swamplight Manor,0
104.534,5199.31,21.1033,4.22156,530,Swamprat Post,2
2018.91,6854.47,171.409,0.087216,530,Sylvanaar,2
-6547.88,-3855.96,-58.7492,5.31404,1,Tahonda Ruins,0
-1213.24,-12436.8,94.9062,4.32594,530,Talon Stand,2
6209.51,-1927.01,569.393,3.82137,1,Talonbranch Glade,0
2735.06,-3867.44,98.6548,3.56139,1,Talrendis Point,0
-7931.2,-3414.28,80.7365,0.66522,1,Tanaris,0
-7214.21,-1732.2,244.448,3.61783,0,Tanner Camp,0
-34.1467,-923.366,54.5576,0.15019,0,Tarren Mill,0
3464.17,4087.16,17.0561,2.02607,571,Taunka'le Village,3
-2560.76,7300.72,13.9485,2.18422,530,Telaar,2
-1953.56,7012.48,-88.5123,4.2248,530,Telaari Basin,2
-1664.4,-10916.8,58.8456,5.88417,530,Telathions Camp,2
10111.3,1557.73,1324.33,4.04239,1,Teldrassil,0
278.582,6001.27,144.73,1.53156,530,Telredor,2
3099.36,1518.73,190.3,4.72592,530,Tempest Keep,2
3967.58,-7219.97,17.0967,2.6396,1,Temple Of Arkkoran,0
-10450.3,-3825.44,18.0679,6.03616,0,Temple Of Atal Hakkar,0
78.9769,4333.58,101.553,0.011347,530,Temple Of Telhamat,2
9671.4,2524.02,1333.11,3.23265,1,Temple Of The Moon,0
3547.67,-5279.93,107.188,4.80808,1,Temple Of Zin Malor,0
-2000.47,4451.54,8.37917,4.40447,530,Terokkar Forest,2
-3781.87,3531.08,285.715,4.45498,530,Terokks Rest,2
-1874.51,5429.28,-10.4637,0.084994,530,Terrace Of Light,2
2844.08,-691.716,139.331,5.27247,0,Terrace Of Repose,0
-8243.79,-1081.22,-201.915,2.1135,1,Terror Run,0
-7585.46,-2720.35,134.451,5.65201,0,Terror Wing Path,0
2957.87,-2794.79,110.464,1.19003,0,Terrordale,0
2739.7,-2465.84,73.5058,5.39901,0,Terrorweb Tunnel,0
43.7346,1785.5,110.983,2.83589,1,Tethris Aran,0
-4525.63,-791.364,-42.3639,1.09938,1,Thalanaar,0
4337.93,-6105.19,122.737,4.99736,1,Thalassian Base Camp,0
6480.81,-6851.1,100.15,3.10746,530,Thalassian Pass,2
-2363.54,-2503.22,88.3441,1.25443,0,Thandol Span,0
-3597.86,1879.9,47.2408,4.94268,530,The Altar Of Damnation,2
-4559.69,1014.4,10.9432,0.447663,530,The Altar Of Shadows,2
-271.689,-3438.52,187.18,3.93027,0,The Altar Of Zul,0
1514.38,323.128,-62.1661,2.31096,0,The Apothecarium,0
3308.92,1340.72,505.56,4.94686,530,The Arcatraz,2
884.54,-3548.45,91.8532,2.95957,1,The Barrens,0
-1366.97,5905.97,191.618,5.17124,530,The Barrier Hills,2
9687.22,-7175.47,13.9257,1.37183,530,The Bazaar,2
-8734.3,-4230.11,-209.5,2.16212,1,The Black Morass,0
-291.324,3149.1,31.5541,2.27147,530,The Blood Furnace,2
-1218.3,-12837.2,0.001255,3.77931,530,The Bloodcursed Reff,2
-3537.02,4572.27,-20.9226,3.55964,530,The Bone Wastes,2
3407.11,1488.48,182.838,5.59559,530,The Botanica,2
1711.99,-719.761,54.3351,4.66387,0,The Bulwark,0
-14087,290.316,15.7614,3.9234,0,The Cape Of Stranglethorn,0
-6939.52,-1263.21,179.709,0.200595,0,The Cauldron,0
721.568,1494.15,-18.1516,1.85895,1,The Charred Valed,0
10303.8,1198.57,1457.46,3.0779,1,The Cleft,0
-9498.58,-1921.71,78.7092,0.662431,0,The Corners,0
120.332,-3456.52,108.157,4.37088,0,The Creeping Ruin,0
-2510.36,-12488.4,2.03858,4.73043,530,The Crimson Reach,2
-452.84,-2650.76,95.5209,0.241081,1,The Crossroads,0
-2054.45,-11389.9,61.4746,2.05143,530,The Cryocore,2
-3821.99,-11489.4,-138.564,1.09563,530,The Crystal Hall,2
-14081.3,-144.113,3.68835,4.61063,0,The Crystal Shore,0
-6248.2,1695.54,6.3349,3.55227,1,The Crystal Vale,0
-11276.9,1428.07,89.7866,1.29233,0,The Dagger Hills,0
-247.29,910.638,84.3798,1.49341,530,The Dark Portal Outland,2
-11840.1,-3196.63,-29.6059,3.3391,0,The Dark Portal,0
-9966.63,-614.729,34.8066,5.94737,0,The Darkened Bank,0
1173.43,372.651,33.9918,4.07796,0,The Dawning Isles,0
-10821.8,869.442,33.0338,0.631022,0,The Dead Acre,0
1064.64,1551.05,28.3425,3.01297,0,The Dead Field,0
664.515,5349.82,-23.1373,0.875759,530,The Dead Mire,2
9013.29,-6930.75,17.8158,2.99131,530,The Dead Scar,2
-11208.7,1673.52,24.6361,1.51067,0,The Deadmines,0
-3435.61,2044.34,79.0861,5.47439,530,The Deathforge,2
658.574,1011.34,44.6068,5.4367,0,The Decrepit Ferry,0
-4303.61,-3041.87,29.9607,1.55428,1,The Den Of Flame,0
-603.88,-4191.68,41.0998,1.55607,1,The Den,0
1775.99,-2663.07,109.366,4.96353,1,The Dor Danil Barrow Den,0
1913.54,-4490.07,23.16,4.13223,1,The Drag,0
-4558.57,-2934.04,35.306,4.21758,1,The Dragonmurk,0
-2273.25,-1723.87,-56.5399,1.61234,0,The Drowned Reef,0
748.603,-1348.11,92.6076,0.122718,1,The Dry Hills,0
-11110.5,600.244,36.5205,4.15746,0,The Dust Plains,0
-6614.72,-2629.53,265.833,0.843023,0,The Dustbowl,0
-3965.7,-11653.6,-138.844,0.852154,530,The Exodar,2
3088.49,1381.57,184.863,4.61973,530,The Eye,2
3864.88,6987.1,152.042,5.86379,571,The Eyeof Eternity,3
-3536.55,1631.94,45.0453,4.57511,530,The Fel Pits,2
-3452.24,2747.76,127.219,1.28272,530,The Fetid Pool,2
-4347.46,2415.11,8.00515,1.52603,1,The Forgotten Coast,0
141.278,-1948.08,94.318,3.13864,1,The Forgotten Pools,0
-4624.25,-1097.17,501.273,3.00102,0,The Forlorn Cavern,0
2448.89,-3708.71,177.867,5.66288,0,The Fungal Vale,0
-8877.71,-3953.51,9.90049,4.17595,1,The Gaping Chasm,0
-1059.43,-678.757,-53.0876,3.4738,1,The Golden Plains,0
2874.85,-765.215,160.333,5.09183,0,The Grand Vestibule,0
-13226.2,228.625,33.1421,1.37088,0,The Great Arena,0
-630.013,3967.65,28.9957,5.30639,530,The Great Fissure,2
-4792.95,-1119.12,498.806,2.17085,0,The Great Forge,0
-4608.03,-1851.45,86.1002,3.08268,1,The Great Lift,0
-3372.12,-3082.42,22.0718,2.24279,0,The Green Belt,0
-715.077,1503.82,11.4471,2.58024,0,The Greyname Wall,0
-7390.69,-941.553,169.43,3.90454,0,The Grinding Quarry,0
-5679.22,-294.234,369.284,0.35122,0,The Grizzled Den,0
-3674.68,1344.99,275.705,3.38664,530,The Hand Of Gul Dan,2
-10126,-2834.73,22.2157,0.674244,0,The Harborage,0
-16.6821,-333.396,131.146,0.8126,0,The Headland,0
2662.78,3766.07,143.16,2.69827,530,The Heap,2
7645.61,-4931,697.11,0.777426,1,The Hidden Cove,0
119.387,-3190.37,117.331,2.34064,0,The Hinterlands,0
3156.34,-1176.21,216.451,4.79547,1,The Howling Vale,0
-10322.3,635.42,26.6725,4.82819,0,The Hushed Bank,0
1918.81,-4104.45,67.9526,5.43984,0,The Infectis Scar,0
1258.38,1207.68,52.6055,0.010372,0,The Ivar Patch,0
-9824.42,991.59,29.1302,1.81697,0,The Jansen Stead,0
-212.967,6697.84,21.9545,4.46685,530,The Lagoon,2
-469.406,1769.22,48.8923,5.22312,530,The Legion Front,2
1835.86,6820.31,139.508,4.81166,530,The Living Grove,2
8702.12,-7557.77,89.7481,4.17962,530,The Living Wood,2
-5289.82,-3482.56,297.605,6.2238,0,The Loch,0
5937.02,523.751,1.58805,3.17606,1,The Long Wash,0
-2795.41,-1020.59,6.67844,2.57838,0,The Lost Fleet,0
-2739.5,6042.77,35.8899,0.681148,530,The Low Path,2
-9935.13,86.7215,32.9021,4.73231,0,The Maclure Vineyards,0
-6049.42,-3305.28,257.85,2.26108,0,The Makers Terrace,0
1869.13,-3213.89,124.624,1.9126,0,The Marris Stead,0
-7775.56,-1923.59,-272.806,2.71513,1,The Marshlands,0
4572.2,430.013,33.6399,3.80203,1,The Masters Glaive,0
-3739.86,1093.8,131.969,3.09301,1,The Maul,0
2867.12,1549.42,252.159,3.82218,530,The Mechanar,2
-855.206,-4072.39,1.35044,1.88279,1,The Merchant Coast,0
-4968.86,-1225.49,501.669,1.30248,0,The Military Ward,0
-4662.07,-952.721,500.378,3.64898,0,The Misty Ward,0
-10247.5,1440.7,40.7233,3.92498,0,The Molsen Farm,0
-7538.51,-1063.45,180.981,0.03409,0,The Molten Span,0
1242.82,-2236.11,91.9476,3.83099,1,The Mor Shan Rampart,0
3897.42,6985.33,69.487,0.012698,571,The Nexus,3
3021.37,-236.555,7.38714,0.881534,0,The North Coast ,0
2677.02,-5303.72,153.226,5.25368,0,The Noxious Glade ,0
-7833.72,-2713.72,10.0944,1.12939,1,The Noxious Lair,0
3448,261.545,-110.163,3.30642,571,The Obsidian Sanctum,3
3878.91,6984.5,106.321,3.15665,571,The Oculus,3
3641.84,2032.94,2.47,4.2332,571,The Old Kingdom,3
10658.2,1930.28,1332.89,0.27247,1,The Oracle Glade,0
-0.750207,-4657.33,11.0567,6.12818,0,The Overlook Cliffs,0
-157.561,3437.57,60.4541,2.3525,530,The Overlook,2
-8778.04,1066.56,90.781,1.2262,0,The Park,0
-4311.8,1381.19,144.269,3.19908,530,The Path Of Conquest,2
-199.545,1657.92,43.6863,4.76602,530,The Path Of Glory,2
-8075.47,-1686.41,131.836,1.28519,0,The Pillar Of Ash,0
-1026.6,221.11,108.998,1.07758,1,The Pools Of Vision,0
3073.95,3398.27,105.141,0.249392,530,The Proving Grounds,2
-3743.96,-2933.6,35.9061,4.8082,1,The Quagmire,0
-717.31,7930.72,58.5098,4.77929,530,The Ring Of Blood,2
-1999.94,6581.71,11.32,2.36528,530,The Ring Of Trials,2
2136.95,-4739.25,50.4957,0.299454,1,The Ring Of Valor,0
-2590.98,-1056.52,-3.74557,5.09009,1,The Rolling Plains,0
-11028.6,-883.618,61.4453,4.14486,0,The Rotting Orchard,0
9619.83,-7449.09,13.5847,6.04494,530,The Royal Exhange,2
2374.69,-5904.33,11.4691,2.12828,1,The Ruined Reaches,0
-8409.82,1499.06,27.7179,2.51868,1,The Ruins Of Ahn Qiraj,0
6440.9,-4289.75,666.743,0.780563,1,The Ruins Of Kel Theril,0
3508.82,-109.892,0.824844,3.53256,1,The Ruins Of Ordil Aran,0
2104.12,-226.389,97.064,5.19053,1,The Ruins Of Stardust,0
-6453.01,-3497.6,-58.8657,3.69926,1,The Rustmaul Dig Site,0
9788.65,-7293.19,13.3877,3.41072,530,The Sanctum,2
-12619.3,-40.9729,28.0657,1.30488,0,The Savage Coast,0
-8066.33,1634.51,24.3409,1.55029,1,The Scarab Dais,0
-8098.67,1525.15,2.77194,3.01977,1,The Scarab Wall,0
-8097.76,1502.46,2.60945,4.17432,1,The Scarad Walp,0
1616.01,-5519.79,109.33,4.16042,0,The Scarlet Basilica,0
8158.19,-6340.32,66.7171,0.029571,530,The Scorched Grove,2
3223.19,2677.41,144.211,0.984536,530,The Scrap Field,2
-5394.77,-1662.67,-54.1244,3.08822,1,The Screeching Canyon,0
-7048.17,-1493.56,241.598,0.319151,0,The Sea Of Cinders,0
504.534,1539.08,129.502,1.35812,0,The Sepulcher,0
-3106.88,4946.71,-22.5348,3.21013,530,The Shadow Stair,2
2312.29,-1893.78,68.3491,5.94215,1,The Shady Nook,0
-305.79,3061.63,-2.53847,1.88888,530,The Shattered Halls,2
3858.59,-5663.59,13.7294,4.55518,1,The Shattered Strand,0
-10197.5,-3222.68,20.3199,2.60154,0,The Shifting Mire,0
-5588.82,-3752.19,-58.7494,4.1972,1,The Shimmering Flats,0
1338.49,712.097,33.2729,3.49676,0,The Shining Strand,0
2622.09,448.504,73.5894,5.07272,1,The Shrine Of Aessina,0
1247.04,1944.64,12.595,0.200456,0,The Skittering Dark,0
-6767.57,-1421.64,210.383,0.609748,0,The Slag Pit,0
717.282,6979.87,-73.0281,1.50287,530,The Slave Pens,2
-7884.39,-1338.18,-279.648,2.89812,1,The Slithering Scar,0
1058.98,-3169.91,103.805,1.80111,1,The Sludge Fen,0
-100.415,8775,18.7677,0.508193,530,The Spawning Glen,2
-296.918,3661.74,70.3319,1.55139,530,The Stadium,2
-1332.03,-3009.5,90.8255,0.266427,1,The Stagnant Oasis,0
-248,956,84.3628,1.58766,530,The Stair Of Destiny,2
794.537,6927.81,-80.4757,0.159089,530,The Steamvault,2
-8787.39,828.377,97.6489,0.626312,0,The Stockades,0
-11511,-703.088,35.6861,5.22091,0,The Stockpile,0
-9917.83,384.428,35.0559,5.35278,0,THe Stonefield Farm,0
4150.19,3015.92,339.188,4.0499,530,The Stormspire,2
-10177.9,-3994.9,-111.239,6.01885,0,The Sunken Temple,0
10353.4,-6395.35,38.5292,1.45664,530,The Sunspire,2
-7136.04,586.608,9.01752,1.21736,1,The Swarming Pillar,0
-11892.7,-2647.08,-4.68415,3.69096,0,The Tainted Scar,0
2417.77,1790.01,393.666,2.00589,1,The Talon Den,0
1945.42,-742.68,112.78,2.76364,1,The Talondeep Path,0
9826.5,2533.55,1321.09,3.1706,1,The Temple Gardens,0
-8240.09,1991.32,129.072,0.941603,1,The Temple Of Ahn Qiraj,0
-10449.5,-3827.47,18.0675,6.04945,0,The Temple Of Atal Hakkar,0
-10447.1,-3824.83,18.0678,6.07301,0,The Temple Of Tears,0
-5812.99,-1180.16,378.179,5.84509,0,The Tundrid Hills,0
-1376.82,9616.71,201.301,2.64604,530,The Twilight Ridge,2
-3183.13,2402.97,254.1,4.02663,1,The Twin Colossals,0
763.307,6767.81,-67.7695,5.99726,530,The Underbog,2
1655.1,-3258.48,84.1786,3.27451,0,The Undercroft,0
1093.26,-684.829,82.0192,5.18414,0,The Uplands,0
3678.05,2166.4,35.795,2.43277,571,The Upper Kingdom,3
-4073.9,-11426.1,-141.433,2.05381,530,The Vault Of Lights,2
-1897.51,-10710.7,110.708,1.17888,530,The Vector Coil,2
-4263.27,-11338,5.59938,1.67446,530,The Veiled Sea,2
-1896.77,-1104.8,88.4923,5.78989,1,The Venture Co Mine,0
-10879.6,-2206.99,122.514,3.74515,0,The Vice,0
-12163.2,551.904,12.1557,4.11665,0,The Vile Reef,0
5691.15,500.24,652.683,4.04716,571,The Violet Hold,3
2242.67,2240.95,101.525,4.06407,530,The Violet Tower,2
3142.74,1895.54,144.578,1.53825,530,The Vortex Fields,2
-805.049,-2032.03,95.8796,6.18912,1,The Wailing Caverns,0
-1408.9,3321.58,34.6189,4.03089,530,The Warp Fields,2
-1230.03,-11808.4,6.76926,6.23447,530,The Warp Piston,2
-5209.65,-2795.71,-7.20066,5.88581,1,The Weathered Nook,0
2244.95,-2401.97,60.6771,1.16648,0,The Weeping Cave,0
-5154.02,214.92,52.8355,3.86268,1,The Writhing Deep,0
1453.28,-1864.44,58.7015,5.81604,0,The Writhing Haunt,0
-11049.3,-488.388,30.2968,3.20631,0,The Yorgen Farmstead,0
3579.08,904.851,3.41642,1.04992,1,The Zoram Strand,0
-3911.04,-2581.19,44.066,1.00735,0,Thelgen Rock,0
-5352.54,-2948.53,323.78,5.34258,0,Thelsamar,0
-3711.95,-4404.3,21.3729,4.03694,1,Theramore Isle,0
-3641.3,-4358.93,8.35467,3.81559,1,Theramore,0
-8970.3,-2192.9,8.89688,5.57003,1,Thistleshrub Valley,0
1925.08,-2621.31,62.2875,4.65288,0,Thondroril River,0
-820.219,-1562.88,54.1671,4.06022,0,Thoradins Wall,0
-6506.47,-1149.95,307.708,4.18256,0,Thorium Point,0
-449.553,-3476.24,94.5329,0.871187,1,Thorn Hill,0
-247.65,5170.55,83.1052,4.97103,530,Thornfang Hill,2
-4969.02,-1726.89,-62.1269,3.7933,1,Thousand Needles,0
385.93,2881.01,53.2777,5.09746,530,Thrallmar Mine,2
156.251,2673.45,85.1587,0.382074,530,Thrallmar,2
809.937,2332.9,281.37,5.77383,530,Throne Of Kiljaeden,2
-781.295,6943.52,33.3343,2.62259,530,Throne Of The Elements,2
-309.085,1666.33,116.017,2.09605,1,Thunder Axe Fortress,0
-1277.37,124.804,131.287,5.22274,1,Thunder Bluff,0
-9305.71,671.617,133.138,0.165219,0,Thunder Falls,0
808.307,-4084.94,-12.8768,1.03222,1,Thunder Ridge,0
-1813.19,-251.665,-9.42466,2.30507,1,Thunderhorn Water Well,0
2314.75,6041.96,142.417,6.24317,530,Thunderlord Stronghold,2
9259.11,-7482.08,35.529,5.02965,530,Thurons Livery,2
-4437.22,-4134.71,2.21481,0.98565,1,Tidefury Cove,0
6808.73,-2091.08,624.962,5.93802,1,Timbermaw Hold,0
6474.08,-3142.89,570.406,2.14401,1,Timbermaw Post,0
-4831.62,-1279.2,501.869,1.44385,0,Tinker Town,0
-202.191,-5025.83,21.631,5.30633,1,Tiragarde Keep,0
2063.35,273.607,94.1076,5.30632,0,Tirisfal Glades Zeppelin,0
2036.02,161.331,33.8674,0.143896,0,Tirisfal Glades,0
-11834.4,64.8268,14.1722,2.65266,0,Tkashi Ruins,0
-2998.41,4545.29,-21.8414,0.066171,530,Tomb Of Lights,2
726.529,-4244.99,17.3731,0.66858,1,Tor Kren Farm,0
8561.26,-7920.25,154.912,3.21279,530,Tor Watha,2
1910.63,5556.25,263.017,6.25981,530,Toshleys Station,2
7165.92,-772.39,54.9534,0.847262,1,Tower Of Althalaxx,0
4231.66,-7812.84,6.72805,3.74308,1,Tower Of Eldara,0
-9284.76,-3346.89,109.759,1.52871,0,Tower Of Ilgalar,0
-9281.56,-3341.22,111.243,1.50594,0,Tower Of Llgalar,0
2265.88,2270.97,97.4046,4.06565,530,Town Square,2
-8835.7,620.485,93.2388,0.772328,0,Trade District,0
1563.81,238.463,-43.4301,0.104772,0,Trade Quarter,0
-4109.67,-11683.9,-142.705,3.22799,530,Traders Tier,2
-5073.41,-11252.9,0.820152,4.43198,530,Traitors Cove,2
-10965.2,-1271.56,52.4084,4.05062,0,Tranquil Gardens Cemetery,0
9010.64,-5825.39,0.507373,3.72724,530,Tranquil Shore,2
7564.25,-6872.23,96.0413,4.3579,530,Tranquillien,2
3799.23,4014.57,121.147,6.17891,530,Trelleum Mine,2
1718.35,4964.6,171.722,1.68743,530,Trogmas Claim,2
4053,3551.25,120.964,2.73676,530,Tulumans Landing,2
-2162.03,4218.48,6.33299,5.20557,530,Tuurem,2
-6989.36,1156.02,10.2789,1.12618,1,Twilight Base Camp,0
-10384.3,-421.588,63.6179,3.23856,0,Twilight Grove,0
-7895.48,1862.03,3.00047,0.438955,1,Twilight Outpost,0
-6685.63,1563.55,7.60951,4.43192,1,Twilight Post,0
5712.85,571.447,1.39422,3.39362,1,Twilight Shore,0
4768.02,220.04,49.0354,6.12288,1,Twilight Vale,0
-6307.77,138.391,15.5158,5.19777,1,Twilights Run,0
223.846,7085.71,35.2267,6.21829,530,Twin Spire Ruins,2
1736.53,-5388.97,82.5741,5.26784,0,Tyrs Hand Abbey,0
1684.77,-5320.44,73.6126,4.52641,0,Tyrs Hand,0
-6071.37,-2955.16,209.782,0.015708,0,Uldaman,0
9049.37,-1282.35,1060.19,5.8395,571,Ulduar,3
-9636.42,-2788.76,7.83902,3.1455,1,Uldum,0
-427.677,5856.72,20.6041,5.04097,530,Umbrafen Lake,2
-804.516,5258.08,19.2276,5.67557,530,Umbrafen Village,2
-7943.22,-2119.09,-218.343,6.0727,1,Un Goro Crater,0
9.71391,-16.2008,-2.75334,5.62187,546,Underbog,2
1584.07,241.987,-52.1534,0.049647,0,Undercity,0
7185.68,-6205.57,18.986,3.43112,530,Underlight Mines,2
-9479,1783,49,0,1,Uninstanced Ahn'Qiraj,0
2925.02,4065.63,1.46737,3.56739,571,Unu'pe,3
-3910,3021.99,356.692,4.7927,530,Upper Veil Shil Ak,2
4163.63,-5910.48,100.681,3.04329,1,Ursolan,0
1228.09,-4862.45,41.248,0.314811,571,Utgarde Keep,3
1237.2,-4859.27,218.283,3.42345,571,Utgarde Pinnacle,3
1025.53,-1807.11,76.9136,3.4245,0,Uthers Tomb,0
928.515,1242.67,46.8493,5.52386,0,Valgans Field,0
564.401,-4944.94,18.5962,5.36544,571,Valgarde,3
2213.95,5273.15,11.2565,5.89294,571,Valiance Keep,3
-934.43,2474.4,3.88924,5.62132,530,Valley Of Bones,2
-6773.84,-3155.91,240.745,0.59012,0,Valley Of Fangs,0
1936.47,-4673.71,26.3522,5.2789,1,Valley Of Honor,0
-5805.89,-2610.93,316.609,2.43858,0,Valley Of Kings,0
-1346.42,2828.24,113.273,2.37881,1,Valley Of Spears,0
1529.69,-4210.23,41.3515,3.31305,1,Valley Of Spirits,0
1548.05,-4417.19,9.50517,0.139761,1,Valley Of Strength,0
-9565.22,-2792.77,7.83946,3.06854,1,Valley Of The Watchers,0
-601.294,-4296.76,37.8115,1.65401,1,Valley Of Trials,0
1931.31,-4284.49,28.3693,1.66609,1,Valley Of Wisdom,0
3608.59,-4414.43,113.047,1.62303,1,Valormok,0
-6382.67,-291.916,-3.07818,4.47432,1,Valors Rest,0
-106.365,-3151.74,119.322,0.604897,0,Valorwind Lake,0
-3683.96,3349.31,284.921,5.27572,530,Veil Ala Rak,2
-3702.96,3754.15,276.354,3.76069,530,Veil Harr Ik,2
1669.12,6935.57,167.396,2.60233,530,Veil Lashh,2
-3590.61,5802.91,-4.29788,0.673285,530,Veil Lithic,2
-2999.94,5605.95,-3.92787,1.66524,530,Veil Rhaze,2
3253.49,5333.48,145.558,5.27728,530,Veil Ruuan,2
-3544.89,4043.25,68.1842,3.42925,530,Veil Shalas,2
-1902.4,3919.57,-1.69338,0.786375,530,Veil Shienor,2
-2504.8,5429.98,0.047476,4.09213,530,Veil Skith,2
1729.69,4637.52,147.393,4.36564,530,Veil Vekh,2
1713.82,4920.47,169.989,5.92915,530,Vekhaar Stand,2
1942.86,-6167.11,23.724,2.64258,571,Vengeance Landing,3
2528,-871.109,53.9863,4.87192,0,Venomweb Vale,0
-11988,-582.287,10.0503,1.64342,0,Venture Co Base Camp,0
-1650,-577,125,0,169,Verdant Fields,0
-4737.16,1077.75,93.5801,1.83556,1,Verdantis River,0
-1067.77,-12505.2,20.8405,0.379317,530,Veridian Point,2
3325.01,4608.41,217.521,2.62912,530,Vim Gols Circle,2
-1742.09,-11075.5,76.3923,2.56979,530,Vindicators Rest,2
4291.45,2295.64,122.382,3.85881,530,Voidwind Plateau,2
2606.02,7247.71,366.1,3.50082,530,Vortex Pinnacle,2
-11078.1,-81.2907,16.645,3.36735,0,Vulgol Ogre Mound,0
-731.607,-2218.39,17.0281,2.78486,1,Wailing Caverns,0
9517.59,-7344.19,14.3582,3.75943,530,Walk Of Elders,2
1724.8,368.623,-60.4843,0.709539,0,War Quarter,0
-3750.85,1059.38,70.921,3.49973,530,Wardens Cage,2
-735.921,8790.11,184.206,3.10641,530,Warmaul Hill,2
9921.22,2346.78,1330.78,6.12055,1,Warriors Terrace,0
1525.95,1481.66,352.001,3.20756,489,Warsong Gulch Alliance,0
930.851,1431.57,345.537,0.015704,489,Warsong Gulch Horde,0
1235.54,1427.1,309.715,0.557629,489,Warsong Gulch,0
2741.29,6097.16,76.9055,0.731543,571,Warsong Hold,3
1572.22,-2460.86,97.991,5.06328,1,Warsong Labor Camp,0
2288.94,-3277.64,101.471,6.11261,1,Warsong Lumber Camp,0
-7376.95,-4579.41,9.88491,3.184,1,Waterspring Field,0
-7221.12,-4892.68,0.553891,4.28199,1,Wavestrider Beach,0
-5790.12,-3912.32,-91.3618,2.06955,1,Weazels Crater,0
817.389,469.891,66.6528,1.40814,1,Webwinder Path,0
10410.6,1628.39,1288.2,0.009365,1,Wellspring Lake,0
10639.6,1625.53,1285.09,1.27385,1,Wellspring River,0
9144.45,-6273.75,22.6069,5.69229,530,West Sanctum,2
-9663.01,686.769,37.414,5.88684,0,Westbrook Garrison,0
1728.65,-1602.25,63.429,1.6558,0,Western Plaguelands,0
-1073.67,276.526,0.822079,3.35856,0,Western Strand,0
-11405,1970.07,8.90656,4.10641,0,Westfall Lighthouse,0
-10235.2,1222.47,43.6252,6.2427,0,Westfall,0
1391.04,-3284.63,163.929,1.59391,571,Westguard Keep,3
-3857,-3485,579,0,0,Wetlands Help Mountain,0
-3242.81,-2469.04,15.9226,6.03924,0,Wetlands,0
-3446.82,-1818.75,24.1032,3.54812,0,Whelgars Excavation Site,0
2812.03,-704.537,136.047,0.37551,0,Whispering Gardens,0
2508.78,1663.26,3.20579,5.76976,0,Whispering Shore,0
-4905.75,-1378.99,-52.6113,2.47564,1,Whitereach Post,0
-14647.1,316.009,3.49004,0.472363,0,Wild Shore,0
5110.28,142.992,42.9436,3.71084,1,Wildbend River,0
291.808,-2124.52,121.243,0.276169,0,Wildhammer Keep,0
-3989.47,2168.39,105.35,3.08422,530,Wildhammer Stronghold,2
-752.026,-132.783,-28.7924,4.70689,1,Wildmane Water Well,0
-5308.52,-2838.5,-55.5527,4.00714,1,Windbreak Canyon,0
-556.474,-554.987,16.7506,5.90461,1,Windfury Ridge,0
7016.75,-5707.58,106.608,4.71628,530,Windrunner Spire,2
7251.69,-5943.03,17.0084,3.32884,530,Windrunner Village,2
1260.37,393.698,93.3468,4.15782,1,Windshear Crag,0
982.879,-358.391,14.8563,3.71878,1,Windshear Mine,0
6837.43,-5084.04,691.045,3.19095,1,Winterfall Village,0
6759.18,-4419.63,763.214,4.43476,1,Winterspring,0
-2863.26,-4052.18,37.0607,3.9647,1,Witch Hill,0
-1675.81,-3461.71,52.4582,3.67737,0,Witherbark Village,0
2251.27,2403.09,117.366,2.99201,530,Wizard Row,2
-9003.05,874.064,148.619,3.47324,0,Wizards Sanctum,0
-4952.22,471.918,17.6569,3.27362,1,Woodpaw Hills,0
-1755.97,5154.3,-37.2047,4.85864,530,Worlds End Tavern,2
-2236.79,-12274.6,49.2693,4.68644,530,Wrathscale Lair,2
-4942.25,-11750.1,22.2637,3.90184,530,Wrathscale Point,2
-3425.33,4455.75,-8.58434,0.530853,530,Writhing Mound,2
-4864.84,-3375.2,30.4545,4.34245,1,Wyrmbog,0
-1205.72,-12428.7,94.8675,6.23292,530,Wyrmscar Island,2
3013.53,5909.98,130.699,1.26484,530,Wyrmskull Bridge,2
3117.35,6186.83,138.132,1.31978,530,Wyrmskull Tunnel,2
2937.28,-2828.3,212.398,0.433398,1,Xavian,0
-11774.3,1266.94,2.99361,3.226,0,Yojamba Isle,0
260.28,7860.4,23.3231,3.77545,530,Zabrajin,2
-7351.38,-4878.43,3.31332,1.46633,1,Zalashjis Den,0
-575.676,8441.21,63.0364,3.12603,530,Zangar Ridge,2
-54.8621,5813.44,20.9764,0.081722,530,Zangarmarsh,2
7112.27,-7491.7,48.8403,4.39733,530,Zeb Nowa,2
8027.92,-7831.6,174.185,5.34437,530,Zeb Sora,2
7435.65,-7837.06,151.305,4.63123,530,Zeb Tela,2
8442.72,-7611.23,155.586,1.86819,530,Zeb Watha,2
-1088.38,2998.27,8.18949,2.73983,530,Zeppelin Crash,2
-1005.37,2030.91,67.873,3.12703,530,Zeth Gor,2
-12659.8,-458.71,29.312,3.65797,0,Ziatajai Ruins,0
3376.86,1013.05,3.34387,3.81699,1,Zoramgar Outpost,0
6851.78,-7972.57,179.242,4.64691,530,Zul Aman,2
-6801.19,-2893.02,9.00388,0.158639,1,Zul Farrak,0
-11916.7,-1215.72,92.289,4.72454,0,Zul Gurub,0
5560.23,-3211.66,371.709,5.55055,571,Zul'Drak,3
3381.52,-4922.54,160.168,5.33458,0,Zulmashar,0
-14.5469,-2479.52,120.64,2.32214,0,Zun Watha,0
-11701.7,963.365,3.89563,5.6466,0,Zuuldaia Ruins,0
3412.88,-2791.17,201.521,2.2458,571,Amberpine Lodge,3
8515.89,629.25,547.396,1.5747,571,Argent Tournament,3
3707.86,2150.23,36.76,3.22,571,Azjol Nerub,3
4682.07,-5569.67,53.61,3.85,571,Bloodmoon Isle,3
3641.45,282.75,-120.145,3.325,571,Chamber Of Aspects,3
5873.82,2110.98,636.011,3.5523,571,Icecrown Citadel Raid,3
5323,4942,-133.5,2.17,571,Sholazar Basin,3
5690.97,2141.07,798.054,4.4344,571,The Frozen Halls,3
8427.88,2706.33,655.095,5.743,571,The Shadow Vault,3
8588.42,791.888,558.236,3.23819,571,Trial Of The Champion,3
5453.72,2840.79,421.28,0,571,Vault Of Archavon,3
3682.71,-722.635,212.729,5.7991,571,Wintergarde Keep,3
4760.7,2143.7,423,1.13,571,Wintergrasp,3